National_Dex,Pokemon,Form,Series
1,Bulbasaur,,"['RGBY', 'FrLg', 'PE', 'HgSs', 'XY', 'UsUm', 'BdSp', 'SwSh', 'ZA', 'SV']"
2,Ivysaur,,"['RGBY', 'FrLg', 'PE', 'HgSs', 'XY', 'UsUm', 'BdSp', 'SwSh', 'ZA', 'SV']"
3,Venusaur,,"['RGBY', 'FrLg', 'PE', 'HgSs', 'XY', 'UsUm', 'BdSp', 'SwSh', 'ZA', 'SV']"
4,Charmander,,"['RGBY', 'FrLg', 'PE', 'HgSs', 'XY', 'UsUm', 'BdSp', 'SwSh', 'ZA', 'SV']"
5,Charmeleon,,"['RGBY', 'FrLg', 'PE', 'HgSs', 'XY', 'UsUm', 'BdSp', 'SwSh', 'ZA', 'SV']"
6,Charizard,,"['RGBY', 'FrLg', 'PE', 'HgSs', 'XY', 'UsUm', 'BdSp', 'SwSh', 'ZA', 'SV']"
7,Squirtle,,"['RGBY', 'FrLg', 'PE', 'HgSs', 'XY', 'UsUm', 'BdSp', 'SwSh', 'ZA', 'SV']"
8,Wartortle,,"['RGBY', 'FrLg', 'PE', 'HgSs', 'XY', 'UsUm', 'BdSp', 'SwSh', 'ZA', 'SV']"
9,Blastoise,,"['RGBY', 'FrLg', 'PE', 'HgSs', 'XY', 'UsUm', 'BdSp', 'SwSh', 'ZA', 'SV']"
10,Caterpie,,"['RGBY', 'FrLg', 'PE', 'GSC', 'DPPt', 'HgSs', 'BW', 'B2W2', 'XY', 'SM', 'UsUm', 'BdSp', 'SwSh']"
11,Metapod,,"['RGBY', 'FrLg', 'PE', 'GSC', 'DPPt', 'HgSs', 'BW', 'B2W2', 'XY', 'SM', 'UsUm', 'BdSp', 'SwSh']"
12,Butterfree,,"['RGBY', 'FrLg', 'PE', 'GSC', 'DPPt', 'HgSs', 'BW', 'B2W2', 'XY', 'SM', 'UsUm', 'BdSp', 'SwSh']"
13,Weedle,,"['RGBY', 'FrLg', 'PE', 'GSC', 'DPPt', 'HgSs', 'BW', 'B2W2', 'XY', 'OrAs', 'UsUm', 'BdSp', 'ZA']"
14,Kakuna,,"['RGBY', 'FrLg', 'PE', 'GSC', 'DPPt', 'HgSs', 'BW', 'B2W2', 'XY', 'OrAs', 'UsUm', 'BdSp', 'ZA']"
15,Beedrill,,"['RGBY', 'FrLg', 'PE', 'GSC', 'DPPt', 'HgSs', 'BW', 'B2W2', 'XY', 'OrAs', 'UsUm', 'BdSp', 'ZA']"
16,Pidgey,,"['RGBY', 'FrLg', 'PE', 'GSC', 'DPPt', 'HgSs', 'BW', 'XY', 'OrAs', 'UsUm', 'BdSp', 'ZA']"
17,Pidgeotto,,"['RGBY', 'FrLg', 'PE', 'GSC', 'DPPt', 'HgSs', 'BW', 'XY', 'OrAs', 'UsUm', 'BdSp', 'ZA']"
18,Pidgeot,,"['RGBY', 'FrLg', 'PE', 'GSC', 'DPPt', 'HgSs', 'BW', 'XY', 'OrAs', 'UsUm', 'BdSp', 'ZA']"
19,Rattata,,"['RGBY', 'FrLg', 'PE', 'GSC', 'DPPt', 'HgSs', 'BW', 'B2W2', 'OrAs', 'SM', 'UsUm', 'BdSp']"
20,Raticate,,"['RGBY', 'FrLg', 'PE', 'GSC', 'DPPt', 'HgSs', 'BW', 'B2W2', 'OrAs', 'SM', 'UsUm', 'BdSp']"
21,Spearow,,"['RGBY', 'FrLg', 'PE', 'GSC', 'DPPt', 'HgSs', 'BW', 'B2W2', 'XY', 'SM', 'UsUm', 'BdSp']"
22,Fearow,,"['RGBY', 'FrLg', 'PE', 'GSC', 'DPPt', 'HgSs', 'BW', 'B2W2', 'XY', 'SM', 'UsUm', 'BdSp']"
23,Ekans,,"['RGBY', 'FrLg', 'PE', 'GSC', 'DPPt', 'HgSs', 'XY', 'UsUm', 'BdSp', 'ZA', 'SV']"
24,Arbok,,"['RGBY', 'FrLg', 'PE', 'GSC', 'DPPt', 'HgSs', 'XY', 'UsUm', 'BdSp', 'ZA', 'SV']"
25,Pikachu,,"['RGBY', 'FrLg', 'PE', 'GSC', 'RSE', 'DPPt', 'HgSs', 'XY', 'OrAs', 'SM', 'UsUm', 'BdSp', 'LA', 'SwSh', 'ZA', 'SV']"
26,Raichu,,"['RGBY', 'FrLg', 'PE', 'GSC', 'RSE', 'DPPt', 'HgSs', 'XY', 'OrAs', 'UsUm', 'BdSp', 'LA', 'SwSh', 'ZA', 'SV']"
26,Raichu,Alolan,"['SwSh', 'ZA', 'SV']"
27,Sandshrew,,"['RGBY', 'FrLg', 'PE', 'GSC', 'RSE', 'DPPt', 'HgSs', 'BW', 'B2W2', 'XY', 'OrAs', 'SM', 'UsUm', 'BdSp', 'SwSh', 'SV']"
27,Sandshrew,Alolan,"['SwSh', 'SV']"
28,Sandslash,,"['RGBY', 'FrLg', 'PE', 'GSC', 'RSE', 'DPPt', 'HgSs', 'BW', 'B2W2', 'XY', 'OrAs', 'SM', 'UsUm', 'BdSp', 'SwSh', 'SV']"
28,Sandslash,Alolan,"['SwSh', 'SV']"
29,Nidoran-F,,"['RGBY', 'FrLg', 'PE', 'GSC', 'DPPt', 'HgSs', 'BW', 'B2W2', 'XY', 'OrAs', 'SM', 'UsUm', 'BdSp', 'SwSh']"
30,Nidorina,,"['RGBY', 'FrLg', 'PE', 'GSC', 'DPPt', 'HgSs', 'BW', 'B2W2', 'XY', 'BdSp', 'SwSh']"
31,Nidoqueen,,"['RGBY', 'FrLg', 'PE', 'GSC', 'DPPt', 'HgSs', 'BW', 'B2W2', 'XY', 'BdSp', 'SwSh']"
32,Nidoran-M,,"['RGBY', 'FrLg', 'PE', 'GSC', 'DPPt', 'HgSs', 'BW', 'B2W2', 'XY', 'OrAs', 'SM', 'UsUm', 'BdSp', 'SwSh']"
33,Nidorino,,"['RGBY', 'FrLg', 'PE', 'GSC', 'DPPt', 'HgSs', 'BW', 'B2W2', 'XY', 'BdSp', 'SwSh']"
34,Nidoking,,"['RGBY', 'FrLg', 'PE', 'GSC', 'DPPt', 'HgSs', 'BW', 'B2W2', 'XY', 'BdSp', 'SwSh']"
35,Clefairy,,"['RGBY', 'FrLg', 'PE', 'GSC', 'DPPt', 'HgSs', 'BW', 'B2W2', 'XY', 'OrAs', 'SM', 'UsUm', 'BdSp', 'LA', 'SwSh', 'ZA', 'SV']"
36,Clefable,,"['RGBY', 'FrLg', 'PE', 'GSC', 'DPPt', 'HgSs', 'BW', 'B2W2', 'XY', 'OrAs', 'SM', 'UsUm', 'BdSp', 'LA', 'SwSh', 'ZA', 'SV']"
37,Vulpix,,"['RGBY', 'FrLg', 'PE', 'GSC', 'RSE', 'DPPt', 'HgSs', 'BW', 'B2W2', 'XY', 'OrAs', 'SM', 'UsUm', 'BdSp', 'LA', 'SwSh', 'SV']"
37,Vulpix,Alolan,"['LA', 'SwSh', 'SV']"
38,Ninetales,,"['RGBY', 'FrLg', 'PE', 'GSC', 'RSE', 'DPPt', 'HgSs', 'BW', 'B2W2', 'XY', 'OrAs', 'SM', 'UsUm', 'BdSp', 'LA', 'SwSh', 'SV']"
38,Ninetales,Alolan,"['LA', 'SwSh', 'SV']"
39,Jigglypuff,,"['RGBY', 'FrLg', 'PE', 'GSC', 'RSE', 'DPPt', 'HgSs', 'BW', 'B2W2', 'XY', 'OrAs', 'SM', 'UsUm', 'BdSp', 'SwSh', 'ZA', 'SV']"
40,Wigglytuff,,"['RGBY', 'FrLg', 'PE', 'GSC', 'RSE', 'DPPt', 'HgSs', 'BW', 'B2W2', 'XY', 'OrAs', 'SM', 'UsUm', 'BdSp', 'SwSh', 'ZA', 'SV']"
41,Zubat,,"['RGBY', 'FrLg', 'PE', 'GSC', 'RSE', 'DPPt', 'HgSs', 'BW', 'B2W2', 'XY', 'OrAs', 'SM', 'UsUm', 'BdSp', 'LA', 'SwSh', 'ZA']"
42,Golbat,,"['RGBY', 'FrLg', 'PE', 'GSC', 'RSE', 'DPPt', 'HgSs', 'BW', 'B2W2', 'XY', 'OrAs', 'SM', 'UsUm', 'BdSp', 'LA', 'SwSh', 'ZA']"
43,Oddish,,"['RGBY', 'FrLg', 'PE', 'GSC', 'RSE', 'DPPt', 'HgSs', 'BW', 'XY', 'OrAs', 'BdSp', 'SwSh', 'SV']"
44,Gloom,,"['RGBY', 'FrLg', 'PE', 'GSC', 'RSE', 'DPPt', 'HgSs', 'BW', 'XY', 'OrAs', 'BdSp', 'SwSh', 'SV']"
45,Vileplume,,"['RGBY', 'FrLg', 'PE', 'GSC', 'RSE', 'DPPt', 'HgSs', 'BW', 'XY', 'OrAs', 'BdSp', 'SwSh', 'SV']"
46,Paras,,"['RGBY', 'FrLg', 'PE', 'GSC', 'DPPt', 'HgSs', 'BW', 'XY', 'OrAs', 'SM', 'UsUm', 'BdSp', 'LA']"
47,Parasect,,"['RGBY', 'FrLg', 'PE', 'GSC', 'DPPt', 'HgSs', 'BW', 'XY', 'OrAs', 'SM', 'UsUm', 'BdSp', 'LA']"
48,Venonat,,"['RGBY', 'FrLg', 'PE', 'GSC', 'DPPt', 'HgSs', 'BW', 'B2W2', 'XY', 'OrAs', 'BdSp', 'SV']"
49,Venomoth,,"['RGBY', 'FrLg', 'PE', 'GSC', 'DPPt', 'HgSs', 'BW', 'B2W2', 'XY', 'OrAs', 'BdSp', 'SV']"
50,Diglett,,"['RGBY', 'FrLg', 'PE', 'GSC', 'DPPt', 'HgSs', 'XY', 'OrAs', 'SM', 'UsUm', 'BdSp', 'SwSh', 'SV']"
50,Diglett,Alolan,"['SwSh', 'SV']"
51,Dugtrio,,"['RGBY', 'FrLg', 'PE', 'GSC', 'DPPt', 'HgSs', 'XY', 'OrAs', 'SM', 'UsUm', 'BdSp', 'SwSh', 'SV']"
51,Dugtrio,Alolan,"['SwSh', 'SV']"
52,Meowth,,"['RGBY', 'FrLg', 'PE', 'GSC', 'DPPt', 'HgSs', 'B2W2', 'OrAs', 'SM', 'UsUm', 'BdSp', 'SwSh', 'ZA', 'SV']"
52,Meowth,Alolan,"['SwSh', 'ZA', 'SV']"
52,Meowth,Galarian,"['SwSh', 'ZA', 'SV']"
53,Persian,,"['RGBY', 'FrLg', 'PE', 'GSC', 'DPPt', 'HgSs', 'B2W2', 'OrAs', 'SM', 'UsUm', 'BdSp', 'SwSh', 'ZA', 'SV']"
53,Persian,Alolan,"['SwSh', 'ZA', 'SV']"
54,Psyduck,,"['RGBY', 'FrLg', 'PE', 'GSC', 'RSE', 'DPPt', 'HgSs', 'BW', 'B2W2', 'XY', 'OrAs', 'SM', 'UsUm', 'BdSp', 'LA', 'SwSh', 'SV']"
55,Golduck,,"['RGBY', 'FrLg', 'PE', 'GSC', 'RSE', 'DPPt', 'HgSs', 'BW', 'B2W2', 'XY', 'OrAs', 'SM', 'UsUm', 'BdSp', 'LA', 'SwSh', 'SV']"
56,Mankey,,"['RGBY', 'FrLg', 'PE', 'GSC', 'DPPt', 'HgSs', 'BW', 'B2W2', 'XY', 'OrAs', 'SM', 'UsUm', 'BdSp', 'ZA', 'SV']"
57,Primeape,,"['RGBY', 'FrLg', 'PE', 'GSC', 'DPPt', 'HgSs', 'BW', 'B2W2', 'XY', 'OrAs', 'SM', 'UsUm', 'BdSp', 'ZA', 'SV']"
58,Growlithe,,"['RGBY', 'FrLg', 'PE', 'GSC', 'DPPt', 'HgSs', 'B2W2', 'XY', 'OrAs', 'SM', 'UsUm', 'BdSp', 'SwSh', 'SV']"
58,Growlithe,Hisuian,"['LA', 'SV']"
59,Arcanine,,"['RGBY', 'FrLg', 'PE', 'GSC', 'DPPt', 'HgSs', 'B2W2', 'XY', 'OrAs', 'SM', 'UsUm', 'BdSp', 'SwSh', 'SV']"
59,Arcanine,Hisuian,"['LA', 'SV']"
60,Poliwag,,"['RGBY', 'FrLg', 'PE', 'GSC', 'DPPt', 'HgSs', 'BW', 'B2W2', 'XY', 'SM', 'UsUm', 'BdSp', 'SwSh', 'SV']"
61,Poliwhirl,,"['RGBY', 'FrLg', 'PE', 'GSC', 'DPPt', 'HgSs', 'BW', 'B2W2', 'XY', 'SM', 'UsUm', 'BdSp', 'SwSh', 'SV']"
62,Poliwrath,,"['RGBY', 'FrLg', 'PE', 'GSC', 'DPPt', 'HgSs', 'BW', 'B2W2', 'XY', 'SM', 'UsUm', 'BdSp', 'SwSh', 'SV']"
63,Abra,,"['RGBY', 'FrLg', 'PE', 'GSC', 'RSE', 'DPPt', 'HgSs', 'BW', 'B2W2', 'XY', 'OrAs', 'SM', 'UsUm', 'BdSp', 'LA', 'SwSh', 'ZA']"
64,Kadabra,,"['RGBY', 'FrLg', 'PE', 'GSC', 'RSE', 'DPPt', 'HgSs', 'BW', 'B2W2', 'XY', 'OrAs', 'SM', 'UsUm', 'BdSp', 'LA', 'SwSh', 'ZA']"
65,Alakazam,,"['RGBY', 'FrLg', 'PE', 'GSC', 'RSE', 'DPPt', 'HgSs', 'BW', 'B2W2', 'XY', 'OrAs', 'SM', 'UsUm', 'BdSp', 'LA', 'SwSh', 'ZA']"
66,Machop,,"['RGBY', 'FrLg', 'PE', 'GSC', 'RSE', 'DPPt', 'HgSs', 'BW', 'XY', 'OrAs', 'SM', 'UsUm', 'BdSp', 'LA', 'SwSh', 'ZA']"
67,Machoke,,"['RGBY', 'FrLg', 'PE', 'GSC', 'RSE', 'DPPt', 'HgSs', 'BW', 'XY', 'OrAs', 'SM', 'UsUm', 'BdSp', 'LA', 'SwSh', 'ZA']"
68,Machamp,,"['RGBY', 'FrLg', 'PE', 'GSC', 'RSE', 'DPPt', 'HgSs', 'BW', 'XY', 'OrAs', 'SM', 'UsUm', 'BdSp', 'LA', 'SwSh', 'ZA']"
69,Bellsprout,,"['RGBY', 'FrLg', 'PE', 'GSC', 'DPPt', 'HgSs', 'BW', 'XY', 'SM', 'BdSp', 'ZA', 'SV']"
70,Weepinbell,,"['RGBY', 'FrLg', 'PE', 'GSC', 'DPPt', 'HgSs', 'BW', 'XY', 'SM', 'BdSp', 'ZA', 'SV']"
71,Victreebel,,"['RGBY', 'FrLg', 'PE', 'GSC', 'DPPt', 'HgSs', 'BW', 'XY', 'SM', 'BdSp', 'ZA', 'SV']"
72,Tentacool,,"['RGBY', 'FrLg', 'PE', 'GSC', 'RSE', 'DPPt', 'HgSs', 'XY', 'OrAs', 'SM', 'UsUm', 'BdSp', 'LA', 'SwSh', 'SV']"
73,Tentacruel,,"['RGBY', 'FrLg', 'PE', 'GSC', 'RSE', 'DPPt', 'HgSs', 'XY', 'OrAs', 'SM', 'UsUm', 'BdSp', 'LA', 'SwSh', 'SV']"
74,Geodude,,"['RGBY', 'FrLg', 'PE', 'GSC', 'RSE', 'DPPt', 'HgSs', 'BW', 'XY', 'OrAs', 'SM', 'UsUm', 'BdSp', 'LA', 'SV']"
74,Geodude,Alolan,['SV']
75,Graveler,,"['RGBY', 'FrLg', 'PE', 'GSC', 'RSE', 'DPPt', 'HgSs', 'BW', 'XY', 'OrAs', 'SM', 'UsUm', 'BdSp', 'LA', 'SV']"
75,Graveler,Alolan,['SV']
76,Golem,,"['RGBY', 'FrLg', 'PE', 'GSC', 'RSE', 'DPPt', 'HgSs', 'BW', 'XY', 'OrAs', 'SM', 'UsUm', 'BdSp', 'LA', 'SV']"
76,Golem,Alolan,['SV']
77,Ponyta,,"['RGBY', 'FrLg', 'PE', 'GSC', 'DPPt', 'HgSs', 'BW', 'XY', 'OrAs', 'BdSp', 'LA', 'SwSh']"
77,Ponyta,Galarian,['SwSh']
78,Rapidash,,"['RGBY', 'FrLg', 'PE', 'GSC', 'DPPt', 'HgSs', 'BW', 'XY', 'OrAs', 'BdSp', 'LA', 'SwSh']"
78,Rapidash,Galarian,['SwSh']
79,Slowpoke,,"['RGBY', 'FrLg', 'PE', 'GSC', 'DPPt', 'HgSs', 'BW', 'B2W2', 'XY', 'OrAs', 'SM', 'UsUm', 'BdSp', 'SwSh', 'ZA', 'SV']"
79,Slowpoke,Galarian,"['SwSh', 'ZA', 'SV']"
80,Slowbro,,"['RGBY', 'FrLg', 'PE', 'GSC', 'DPPt', 'HgSs', 'BW', 'B2W2', 'XY', 'OrAs', 'SM', 'UsUm', 'BdSp', 'SwSh', 'ZA', 'SV']"
80,Slowbro,Galarian,"['SwSh', 'ZA', 'SV']"
81,Magnemite,,"['RGBY', 'FrLg', 'PE', 'GSC', 'RSE', 'DPPt', 'HgSs', 'BW', 'B2W2', 'XY', 'OrAs', 'SM', 'UsUm', 'BdSp', 'LA', 'SwSh', 'SV']"
82,Magneton,,"['RGBY', 'FrLg', 'PE', 'GSC', 'RSE', 'DPPt', 'HgSs', 'BW', 'B2W2', 'XY', 'OrAs', 'SM', 'UsUm', 'BdSp', 'LA', 'SwSh', 'SV']"
83,Farfetch'd,,"['RGBY', 'FrLg', 'PE', 'GSC', 'DPPt', 'HgSs', 'BW', 'B2W2', 'XY', 'BdSp', 'SwSh', 'ZA']"
83,Farfetch'd,Galarian,"['SwSh', 'ZA']"
84,Doduo,,"['RGBY', 'FrLg', 'PE', 'GSC', 'RSE', 'DPPt', 'HgSs', 'BW', 'B2W2', 'XY', 'OrAs', 'BdSp', 'SV']"
85,Dodrio,,"['RGBY', 'FrLg', 'PE', 'GSC', 'RSE', 'DPPt', 'HgSs', 'BW', 'B2W2', 'XY', 'OrAs', 'BdSp', 'SV']"
86,Seel,,"['RGBY', 'FrLg', 'PE', 'GSC', 'DPPt', 'HgSs', 'BW', 'B2W2', 'XY', 'OrAs', 'UsUm', 'BdSp', 'SV']"
87,Dewgong,,"['RGBY', 'FrLg', 'PE', 'GSC', 'DPPt', 'HgSs', 'BW', 'B2W2', 'XY', 'OrAs', 'UsUm', 'BdSp', 'SV']"
88,Grimer,,"['RGBY', 'FrLg', 'PE', 'GSC', 'RSE', 'DPPt', 'HgSs', 'B2W2', 'XY', 'OrAs', 'SM', 'UsUm', 'BdSp', 'SV']"
88,Grimer,Alolan,['SV']
89,Muk,,"['RGBY', 'FrLg', 'PE', 'GSC', 'RSE', 'DPPt', 'HgSs', 'B2W2', 'XY', 'OrAs', 'SM', 'UsUm', 'BdSp', 'SV']"
89,Muk,Alolan,['SV']
90,Shellder,,"['RGBY', 'FrLg', 'PE', 'GSC', 'DPPt', 'HgSs', 'BW', 'B2W2', 'XY', 'SM', 'UsUm', 'BdSp', 'SwSh', 'SV']"
91,Cloyster,,"['RGBY', 'FrLg', 'PE', 'GSC', 'DPPt', 'HgSs', 'BW', 'B2W2', 'XY', 'SM', 'UsUm', 'BdSp', 'SwSh', 'SV']"
92,Gastly,,"['RGBY', 'FrLg', 'PE', 'GSC', 'DPPt', 'HgSs', 'BW', 'XY', 'SM', 'UsUm', 'BdSp', 'LA', 'SwSh', 'ZA', 'SV']"
93,Haunter,,"['RGBY', 'FrLg', 'PE', 'GSC', 'DPPt', 'HgSs', 'BW', 'XY', 'SM', 'UsUm', 'BdSp', 'LA', 'SwSh', 'ZA', 'SV']"
94,Gengar,,"['RGBY', 'FrLg', 'PE', 'GSC', 'DPPt', 'HgSs', 'BW', 'XY', 'SM', 'UsUm', 'BdSp', 'LA', 'SwSh', 'ZA', 'SV']"
95,Onix,,"['RGBY', 'FrLg', 'PE', 'GSC', 'DPPt', 'HgSs', 'BW', 'B2W2', 'XY', 'OrAs', 'UsUm', 'BdSp', 'LA', 'SwSh', 'ZA']"
96,Drowzee,,"['RGBY', 'FrLg', 'PE', 'GSC', 'DPPt', 'HgSs', 'B2W2', 'XY', 'OrAs', 'SM', 'UsUm', 'BdSp', 'SV']"
97,Hypno,,"['RGBY', 'FrLg', 'PE', 'GSC', 'DPPt', 'HgSs', 'B2W2', 'XY', 'OrAs', 'SM', 'UsUm', 'BdSp', 'SV']"
98,Krabby,,"['RGBY', 'FrLg', 'PE', 'GSC', 'DPPt', 'HgSs', 'BW', 'B2W2', 'XY', 'OrAs', 'BdSp', 'SwSh']"
99,Kingler,,"['RGBY', 'FrLg', 'PE', 'GSC', 'DPPt', 'HgSs', 'BW', 'B2W2', 'XY', 'OrAs', 'BdSp', 'SwSh']"
100,Voltorb,,"['RGBY', 'FrLg', 'PE', 'GSC', 'RSE', 'DPPt', 'HgSs', 'XY', 'OrAs', 'UsUm', 'BdSp', 'SV']"
100,Voltorb,Hisuian,"['LA', 'SV']"
101,Electrode,,"['RGBY', 'FrLg', 'PE', 'GSC', 'RSE', 'DPPt', 'HgSs', 'XY', 'OrAs', 'UsUm', 'BdSp', 'SV']"
101,Electrode,Hisuian,"['LA', 'SV']"
102,Exeggcute,,"['RGBY', 'FrLg', 'PE', 'GSC', 'DPPt', 'HgSs', 'BW', 'XY', 'SM', 'UsUm', 'BdSp', 'SwSh', 'SV']"
103,Exeggutor,,"['RGBY', 'FrLg', 'PE', 'GSC', 'DPPt', 'HgSs', 'BW', 'XY', 'UsUm', 'BdSp', 'SwSh', 'SV']"
103,Exeggutor,Alolan,"['SwSh', 'SV']"
104,Cubone,,"['RGBY', 'FrLg', 'PE', 'GSC', 'DPPt', 'HgSs', 'BW', 'XY', 'SM', 'UsUm', 'BdSp', 'SwSh', 'ZA']"
105,Marowak,,"['RGBY', 'FrLg', 'PE', 'GSC', 'DPPt', 'HgSs', 'BW', 'XY', 'UsUm', 'BdSp', 'SwSh', 'ZA']"
105,Marowak,Alolan,"['SwSh', 'ZA']"
106,Hitmonlee,,"['RGBY', 'FrLg', 'PE', 'GSC', 'DPPt', 'HgSs', 'BW', 'XY', 'OrAs', 'BdSp', 'SwSh', 'SV']"
107,Hitmonchan,,"['RGBY', 'FrLg', 'PE', 'GSC', 'DPPt', 'HgSs', 'BW', 'XY', 'OrAs', 'BdSp', 'SwSh', 'SV']"
108,Lickitung,,"['RGBY', 'FrLg', 'PE', 'GSC', 'DPPt', 'HgSs', 'BW', 'B2W2', 'XY', 'UsUm', 'BdSp', 'LA', 'SwSh']"
109,Koffing,,"['RGBY', 'FrLg', 'PE', 'GSC', 'RSE', 'DPPt', 'HgSs', 'B2W2', 'OrAs', 'BdSp', 'SwSh', 'SV']"
110,Weezing,,"['RGBY', 'FrLg', 'PE', 'GSC', 'RSE', 'DPPt', 'HgSs', 'B2W2', 'OrAs', 'BdSp', 'SwSh', 'SV']"
110,Weezing,Galarian,"['SwSh', 'SV']"
111,Rhyhorn,,"['RGBY', 'FrLg', 'PE', 'GSC', 'RSE', 'DPPt', 'HgSs', 'BW', 'B2W2', 'XY', 'OrAs', 'SM', 'UsUm', 'BdSp', 'LA', 'SwSh', 'SV']"
112,Rhydon,,"['RGBY', 'FrLg', 'PE', 'GSC', 'RSE', 'DPPt', 'HgSs', 'BW', 'B2W2', 'XY', 'OrAs', 'SM', 'UsUm', 'BdSp', 'LA', 'SwSh', 'SV']"
113,Chansey,,"['RGBY', 'FrLg', 'PE', 'GSC', 'DPPt', 'HgSs', 'BW', 'B2W2', 'XY', 'OrAs', 'SM', 'UsUm', 'BdSp', 'LA', 'SwSh', 'SV']"
114,Tangela,,"['RGBY', 'FrLg', 'PE', 'GSC', 'DPPt', 'HgSs', 'BW', 'B2W2', 'XY', 'OrAs', 'BdSp', 'LA', 'SwSh']"
115,Kangaskhan,,"['RGBY', 'FrLg', 'PE', 'GSC', 'DPPt', 'HgSs', 'BW', 'XY', 'SM', 'UsUm', 'BdSp', 'SwSh', 'ZA']"
116,Horsea,,"['RGBY', 'FrLg', 'PE', 'GSC', 'RSE', 'DPPt', 'HgSs', 'BW', 'B2W2', 'XY', 'OrAs', 'SM', 'UsUm', 'BdSp', 'SwSh', 'SV']"
117,Seadra,,"['RGBY', 'FrLg', 'PE', 'GSC', 'RSE', 'DPPt', 'HgSs', 'BW', 'B2W2', 'XY', 'OrAs', 'SM', 'UsUm', 'BdSp', 'SwSh', 'SV']"
118,Goldeen,,"['RGBY', 'FrLg', 'PE', 'GSC', 'RSE', 'DPPt', 'HgSs', 'BW', 'B2W2', 'XY', 'OrAs', 'SM', 'UsUm', 'BdSp', 'SwSh']"
119,Seaking,,"['RGBY', 'FrLg', 'PE', 'GSC', 'RSE', 'DPPt', 'HgSs', 'BW', 'B2W2', 'XY', 'OrAs', 'SM', 'UsUm', 'BdSp', 'SwSh']"
120,Staryu,,"['RGBY', 'FrLg', 'PE', 'GSC', 'RSE', 'DPPt', 'HgSs', 'BW', 'B2W2', 'XY', 'OrAs', 'SM', 'UsUm', 'BdSp', 'SwSh', 'ZA']"
121,Starmie,,"['RGBY', 'FrLg', 'PE', 'GSC', 'RSE', 'DPPt', 'HgSs', 'BW', 'B2W2', 'XY', 'OrAs', 'SM', 'UsUm', 'BdSp', 'SwSh', 'ZA']"
122,Mr. Mime,,"['RGBY', 'FrLg', 'PE', 'GSC', 'DPPt', 'HgSs', 'B2W2', 'XY', 'UsUm', 'BdSp', 'LA', 'SwSh', 'ZA']"
122,Mr. Mime,Galarian,"['SwSh', 'ZA']"
123,Scyther,,"['RGBY', 'FrLg', 'PE', 'GSC', 'DPPt', 'HgSs', 'XY', 'SM', 'UsUm', 'BdSp', 'LA', 'SwSh', 'ZA', 'SV']"
124,Jynx,,"['RGBY', 'FrLg', 'PE', 'GSC', 'DPPt', 'HgSs', 'BW', 'XY', 'UsUm', 'BdSp', 'SwSh']"
125,Electabuzz,,"['RGBY', 'FrLg', 'PE', 'GSC', 'DPPt', 'HgSs', 'BW', 'B2W2', 'XY', 'OrAs', 'SM', 'UsUm', 'BdSp', 'LA', 'SwSh', 'SV']"
126,Magmar,,"['RGBY', 'FrLg', 'PE', 'GSC', 'DPPt', 'HgSs', 'BW', 'B2W2', 'XY', 'OrAs', 'SM', 'UsUm', 'BdSp', 'LA', 'SwSh', 'SV']"
127,Pinsir,,"['RGBY', 'FrLg', 'PE', 'GSC', 'RSE', 'DPPt', 'HgSs', 'BW', 'B2W2', 'XY', 'OrAs', 'SM', 'UsUm', 'BdSp', 'SwSh', 'ZA']"
128,Tauros,,"['RGBY', 'FrLg', 'PE', 'GSC', 'DPPt', 'HgSs', 'XY', 'SM', 'UsUm', 'BdSp', 'SwSh', 'SV']"
128,Tauros,Aqua Breed,['SV']
128,Tauros,Blaze Breed,['SV']
128,Tauros,Paldean,['SV']
129,Magikarp,,"['RGBY', 'FrLg', 'PE', 'GSC', 'RSE', 'DPPt', 'HgSs', 'BW', 'B2W2', 'XY', 'OrAs', 'SM', 'UsUm', 'BdSp', 'LA', 'SwSh', 'ZA', 'SV']"
130,Gyarados,,"['RGBY', 'FrLg', 'PE', 'GSC', 'RSE', 'DPPt', 'HgSs', 'BW', 'B2W2', 'XY', 'OrAs', 'SM', 'UsUm', 'BdSp', 'LA', 'SwSh', 'ZA', 'SV']"
131,Lapras,,"['RGBY', 'FrLg', 'PE', 'GSC', 'DPPt', 'HgSs', 'BW', 'B2W2', 'XY', 'SM', 'UsUm', 'BdSp', 'SwSh', 'SV']"
132,Ditto,,"['RGBY', 'FrLg', 'PE', 'GSC', 'RSE', 'DPPt', 'HgSs', 'BW', 'B2W2', 'XY', 'OrAs', 'SM', 'UsUm', 'BdSp', 'SwSh', 'SV']"
133,Eevee,,"['RGBY', 'FrLg', 'PE', 'GSC', 'DPPt', 'HgSs', 'B2W2', 'XY', 'OrAs', 'SM', 'UsUm', 'BdSp', 'LA', 'SwSh', 'ZA', 'SV']"
134,Vaporeon,,"['RGBY', 'FrLg', 'PE', 'GSC', 'DPPt', 'HgSs', 'B2W2', 'XY', 'OrAs', 'SM', 'UsUm', 'BdSp', 'LA', 'SwSh', 'ZA', 'SV']"
135,Jolteon,,"['RGBY', 'FrLg', 'PE', 'GSC', 'DPPt', 'HgSs', 'B2W2', 'XY', 'OrAs', 'SM', 'UsUm', 'BdSp', 'LA', 'SwSh', 'ZA', 'SV']"
136,Flareon,,"['RGBY', 'FrLg', 'PE', 'GSC', 'DPPt', 'HgSs', 'B2W2', 'XY', 'OrAs', 'SM', 'UsUm', 'BdSp', 'LA', 'SwSh', 'ZA', 'SV']"
137,Porygon,,"['RGBY', 'FrLg', 'PE', 'GSC', 'DPPt', 'HgSs', 'BW', 'OrAs', 'SM', 'UsUm', 'BdSp', 'LA', 'SwSh', 'ZA', 'SV']"
138,Omanyte,,"['RGBY', 'FrLg', 'PE', 'DPPt', 'HgSs', 'BW', 'B2W2', 'XY', 'OrAs', 'UsUm', 'BdSp', 'SwSh']"
139,Omastar,,"['RGBY', 'FrLg', 'PE', 'DPPt', 'HgSs', 'BW', 'B2W2', 'XY', 'OrAs', 'UsUm', 'BdSp', 'SwSh']"
140,Kabuto,,"['RGBY', 'FrLg', 'PE', 'DPPt', 'HgSs', 'BW', 'B2W2', 'XY', 'OrAs', 'UsUm', 'BdSp', 'SwSh']"
141,Kabutops,,"['RGBY', 'FrLg', 'PE', 'DPPt', 'HgSs', 'BW', 'B2W2', 'XY', 'OrAs', 'UsUm', 'BdSp', 'SwSh']"
142,Aerodactyl,,"['RGBY', 'FrLg', 'PE', 'GSC', 'DPPt', 'HgSs', 'BW', 'B2W2', 'XY', 'OrAs', 'SM', 'UsUm', 'BdSp', 'SwSh', 'ZA']"
143,Snorlax,,"['RGBY', 'FrLg', 'PE', 'GSC', 'DPPt', 'HgSs', 'BW', 'B2W2', 'XY', 'SM', 'UsUm', 'BdSp', 'LA', 'SwSh', 'SV']"
144,Articuno,,"['RGBY', 'FrLg', 'PE', 'DPPt', 'HgSs', 'XY', 'UsUm', 'BdSp', 'SwSh', 'SV']"
144,Articuno,Galarian,"['SwSh', 'SV']"
145,Zapdos,,"['RGBY', 'FrLg', 'PE', 'DPPt', 'HgSs', 'XY', 'UsUm', 'BdSp', 'SwSh', 'SV']"
145,Zapdos,Galarian,"['SwSh', 'SV']"
146,Moltres,,"['RGBY', 'FrLg', 'PE', 'DPPt', 'HgSs', 'XY', 'UsUm', 'BdSp', 'SwSh', 'SV']"
146,Moltres,Galarian,"['SwSh', 'SV']"
147,Dratini,,"['RGBY', 'FrLg', 'PE', 'GSC', 'DPPt', 'HgSs', 'BW', 'B2W2', 'XY', 'SM', 'UsUm', 'BdSp', 'SwSh', 'ZA', 'SV']"
148,Dragonair,,"['RGBY', 'FrLg', 'PE', 'GSC', 'DPPt', 'HgSs', 'BW', 'B2W2', 'XY', 'SM', 'UsUm', 'BdSp', 'SwSh', 'ZA', 'SV']"
149,Dragonite,,"['RGBY', 'FrLg', 'PE', 'GSC', 'DPPt', 'HgSs', 'BW', 'B2W2', 'XY', 'SM', 'UsUm', 'BdSp', 'SwSh', 'ZA', 'SV']"
150,Mewtwo,,"['RGBY', 'FrLg', 'PE', 'HgSs', 'XY', 'OrAs', 'UsUm', 'BdSp', 'SwSh', 'ZA', 'SV']"
151,Mew,,"['RGBY', 'PE', 'HgSs', 'XY', 'OrAs', 'SM', 'BdSp', 'SwSh', 'SV']"
152,Chikorita,,"['GSC', 'RSE', 'HgSs', 'OrAs', 'SM', 'BdSp', 'ZA', 'SV']"
153,Bayleef,,"['GSC', 'RSE', 'HgSs', 'OrAs', 'SM', 'BdSp', 'ZA', 'SV']"
154,Meganium,,"['GSC', 'RSE', 'HgSs', 'OrAs', 'SM', 'BdSp', 'ZA', 'SV']"
155,Cyndaquil,,"['GSC', 'RSE', 'HgSs', 'OrAs', 'SM', 'BdSp', 'LA', 'SV']"
156,Quilava,,"['GSC', 'RSE', 'HgSs', 'OrAs', 'SM', 'BdSp', 'LA', 'SV']"
157,Typhlosion,,"['GSC', 'RSE', 'HgSs', 'OrAs', 'SM', 'BdSp', 'SV']"
157,Typhlosion,Hisuian,"['LA', 'SV']"
158,Totodile,,"['GSC', 'RSE', 'HgSs', 'OrAs', 'SM', 'BdSp', 'ZA', 'SV']"
159,Croconaw,,"['GSC', 'RSE', 'HgSs', 'OrAs', 'SM', 'BdSp', 'ZA', 'SV']"
160,Feraligatr,,"['GSC', 'RSE', 'HgSs', 'OrAs', 'SM', 'BdSp', 'ZA', 'SV']"
161,Sentret,,"['FrLg', 'GSC', 'DPPt', 'HgSs', 'BW', 'B2W2', 'XY', 'BdSp', 'SV']"
162,Furret,,"['FrLg', 'GSC', 'DPPt', 'HgSs', 'BW', 'B2W2', 'XY', 'BdSp', 'SV']"
163,Hoothoot,,"['GSC', 'RSE', 'DPPt', 'HgSs', 'BW', 'B2W2', 'XY', 'UsUm', 'BdSp', 'SwSh', 'SV']"
164,Noctowl,,"['GSC', 'RSE', 'DPPt', 'HgSs', 'BW', 'B2W2', 'XY', 'UsUm', 'BdSp', 'SwSh', 'SV']"
165,Ledyba,,"['FrLg', 'GSC', 'RSE', 'DPPt', 'HgSs', 'BW', 'B2W2', 'XY', 'SM', 'UsUm', 'BdSp']"
166,Ledian,,"['FrLg', 'GSC', 'RSE', 'DPPt', 'HgSs', 'BW', 'B2W2', 'XY', 'SM', 'UsUm', 'BdSp']"
167,Spinarak,,"['FrLg', 'GSC', 'RSE', 'DPPt', 'HgSs', 'BW', 'B2W2', 'XY', 'OrAs', 'SM', 'UsUm', 'BdSp', 'ZA', 'SV']"
168,Ariados,,"['FrLg', 'GSC', 'RSE', 'DPPt', 'HgSs', 'BW', 'B2W2', 'XY', 'OrAs', 'SM', 'UsUm', 'BdSp', 'ZA', 'SV']"
169,Crobat,,"['FrLg', 'GSC', 'RSE', 'DPPt', 'HgSs', 'BW', 'B2W2', 'XY', 'OrAs', 'SM', 'UsUm', 'BdSp', 'LA', 'SwSh', 'ZA']"
170,Chinchou,,"['GSC', 'RSE', 'DPPt', 'HgSs', 'BW', 'B2W2', 'XY', 'OrAs', 'SM', 'UsUm', 'BdSp', 'SwSh', 'SV']"
171,Lanturn,,"['GSC', 'RSE', 'DPPt', 'HgSs', 'BW', 'B2W2', 'XY', 'OrAs', 'SM', 'UsUm', 'BdSp', 'SwSh', 'SV']"
172,Cleffa,,['SwSh']
172,Pichu,,"['FrLg', 'GSC', 'RSE', 'DPPt', 'HgSs', 'XY', 'OrAs', 'SM', 'UsUm', 'BdSp', 'LA', 'SwSh', 'ZA', 'SV']"
173,Cleffa,,"['FrLg', 'GSC', 'DPPt', 'HgSs', 'BW', 'B2W2', 'XY', 'OrAs', 'SM', 'UsUm', 'BdSp', 'LA', 'ZA', 'SV']"
174,Igglybuff,,"['FrLg', 'GSC', 'RSE', 'DPPt', 'HgSs', 'BW', 'B2W2', 'XY', 'OrAs', 'SM', 'UsUm', 'BdSp', 'SwSh', 'ZA', 'SV']"
175,Togepi,,"['FrLg', 'GSC', 'DPPt', 'HgSs', 'BW', 'B2W2', 'XY', 'OrAs', 'SM', 'BdSp', 'LA', 'SwSh']"
176,Togetic,,"['FrLg', 'GSC', 'DPPt', 'HgSs', 'BW', 'B2W2', 'XY', 'OrAs', 'SM', 'BdSp', 'LA', 'SwSh']"
177,Natu,,"['FrLg', 'GSC', 'RSE', 'DPPt', 'HgSs', 'B2W2', 'XY', 'OrAs', 'UsUm', 'BdSp', 'SwSh']"
178,Xatu,,"['FrLg', 'GSC', 'RSE', 'DPPt', 'HgSs', 'B2W2', 'XY', 'OrAs', 'UsUm', 'BdSp', 'SwSh']"
179,Mareep,,"['GSC', 'RSE', 'DPPt', 'HgSs', 'BW', 'B2W2', 'XY', 'UsUm', 'BdSp', 'ZA', 'SV']"
180,Flaaffy,,"['GSC', 'RSE', 'DPPt', 'HgSs', 'BW', 'B2W2', 'XY', 'UsUm', 'BdSp', 'ZA', 'SV']"
181,Ampharos,,"['GSC', 'RSE', 'DPPt', 'HgSs', 'BW', 'B2W2', 'XY', 'UsUm', 'BdSp', 'ZA', 'SV']"
182,Bellossom,,"['FrLg', 'GSC', 'RSE', 'DPPt', 'HgSs', 'BW', 'XY', 'OrAs', 'BdSp', 'SwSh', 'SV']"
183,Marill,,"['FrLg', 'GSC', 'RSE', 'DPPt', 'HgSs', 'BW', 'B2W2', 'XY', 'OrAs', 'SM', 'BdSp', 'SwSh', 'SV']"
184,Azumarill,,"['FrLg', 'GSC', 'RSE', 'DPPt', 'HgSs', 'BW', 'B2W2', 'XY', 'OrAs', 'SM', 'BdSp', 'SwSh', 'SV']"
185,Sudowoodo,,"['GSC', 'RSE', 'DPPt', 'HgSs', 'B2W2', 'XY', 'SM', 'UsUm', 'BdSp', 'LA', 'SwSh', 'SV']"
186,Politoed,,"['FrLg', 'GSC', 'DPPt', 'HgSs', 'BW', 'B2W2', 'XY', 'SM', 'UsUm', 'BdSp', 'SwSh', 'SV']"
187,Hoppip,,"['FrLg', 'GSC', 'DPPt', 'HgSs', 'BW', 'B2W2', 'XY', 'BdSp', 'SV']"
188,Skiploom,,"['FrLg', 'GSC', 'DPPt', 'HgSs', 'BW', 'B2W2', 'XY', 'BdSp', 'SV']"
189,Jumpluff,,"['FrLg', 'GSC', 'DPPt', 'HgSs', 'BW', 'B2W2', 'XY', 'BdSp', 'SV']"
190,Aipom,,"['GSC', 'RSE', 'DPPt', 'HgSs', 'B2W2', 'XY', 'OrAs', 'UsUm', 'BdSp', 'LA', 'SV']"
191,Sunkern,,"['GSC', 'RSE', 'DPPt', 'HgSs', 'BW', 'B2W2', 'XY', 'OrAs', 'BdSp', 'SV']"
192,Sunflora,,"['GSC', 'RSE', 'DPPt', 'HgSs', 'BW', 'B2W2', 'XY', 'OrAs', 'BdSp', 'SV']"
193,Yanma,,"['FrLg', 'GSC', 'DPPt', 'HgSs', 'BW', 'B2W2', 'XY', 'UsUm', 'BdSp', 'LA', 'SV']"
194,Wooper,,"['FrLg', 'GSC', 'DPPt', 'HgSs', 'B2W2', 'XY', 'UsUm', 'BdSp', 'SwSh', 'SV']"
194,Wooper,Paldean,['SV']
195,Quagsire,,"['FrLg', 'GSC', 'DPPt', 'HgSs', 'B2W2', 'XY', 'UsUm', 'BdSp', 'SwSh', 'SV']"
196,Espeon,,"['GSC', 'DPPt', 'HgSs', 'B2W2', 'XY', 'OrAs', 'SM', 'UsUm', 'BdSp', 'LA', 'SwSh', 'ZA', 'SV']"
197,Umbreon,,"['GSC', 'DPPt', 'HgSs', 'B2W2', 'XY', 'OrAs', 'SM', 'UsUm', 'BdSp', 'LA', 'SwSh', 'ZA', 'SV']"
198,Murkrow,,"['FrLg', 'GSC', 'DPPt', 'HgSs', 'BW', 'B2W2', 'XY', 'OrAs', 'SM', 'UsUm', 'BdSp', 'LA', 'SV']"
199,Slowking,,"['FrLg', 'GSC', 'DPPt', 'HgSs', 'BW', 'B2W2', 'XY', 'OrAs', 'SM', 'UsUm', 'BdSp', 'SwSh', 'ZA', 'SV']"
199,Slowking,Galarian,"['SwSh', 'ZA', 'SV']"
200,Misdreavus,,"['FrLg', 'GSC', 'DPPt', 'HgSs', 'BW', 'OrAs', 'SM', 'UsUm', 'BdSp', 'LA', 'SV']"
201,Unown,,"['FrLg', 'GSC', 'DPPt', 'HgSs', 'OrAs', 'BdSp', 'LA']"
202,Wobbuffet,,"['FrLg', 'GSC', 'RSE', 'DPPt', 'HgSs', 'BW', 'B2W2', 'XY', 'OrAs', 'BdSp', 'SwSh']"
203,Girafarig,,"['GSC', 'RSE', 'DPPt', 'HgSs', 'B2W2', 'XY', 'OrAs', 'BdSp', 'SV']"
204,Pineco,,"['GSC', 'RSE', 'DPPt', 'HgSs', 'BW', 'B2W2', 'XY', 'OrAs', 'UsUm', 'BdSp', 'SV']"
205,Forretress,,"['GSC', 'RSE', 'DPPt', 'HgSs', 'BW', 'B2W2', 'XY', 'OrAs', 'UsUm', 'BdSp', 'SV']"
206,Dunsparce,,"['FrLg', 'GSC', 'DPPt', 'HgSs', 'BW', 'B2W2', 'XY', 'UsUm', 'BdSp', 'SwSh', 'SV']"
207,Gligar,,"['GSC', 'RSE', 'DPPt', 'HgSs', 'BW', 'B2W2', 'XY', 'BdSp', 'LA', 'SV']"
208,Steelix,,"['FrLg', 'GSC', 'DPPt', 'HgSs', 'BW', 'B2W2', 'XY', 'OrAs', 'UsUm', 'BdSp', 'LA', 'SwSh', 'ZA']"
209,Snubbull,,"['GSC', 'RSE', 'DPPt', 'HgSs', 'B2W2', 'XY', 'SM', 'UsUm', 'BdSp', 'SV']"
210,Granbull,,"['GSC', 'RSE', 'DPPt', 'HgSs', 'B2W2', 'XY', 'SM', 'UsUm', 'BdSp', 'SV']"
211,Qwilfish,,"['FrLg', 'GSC', 'DPPt', 'HgSs', 'BW', 'B2W2', 'XY', 'BdSp', 'SwSh', 'ZA', 'SV']"
211,Qwilfish,Hisuian,"['LA', 'ZA', 'SV']"
212,Scizor,,"['FrLg', 'GSC', 'DPPt', 'HgSs', 'XY', 'SM', 'UsUm', 'BdSp', 'LA', 'SwSh', 'ZA', 'SV']"
213,Shuckle,,"['GSC', 'RSE', 'DPPt', 'HgSs', 'BW', 'B2W2', 'XY', 'BdSp', 'SwSh']"
214,Heracross,,"['FrLg', 'GSC', 'RSE', 'DPPt', 'HgSs', 'BW', 'B2W2', 'XY', 'OrAs', 'UsUm', 'BdSp', 'LA', 'SwSh', 'ZA', 'SV']"
215,Sneasel,,"['FrLg', 'GSC', 'DPPt', 'HgSs', 'BW', 'B2W2', 'XY', 'SM', 'UsUm', 'BdSp', 'LA', 'SwSh', 'SV']"
215,Sneasel,Hisuian,"['LA', 'SV']"
216,Teddiursa,,"['GSC', 'RSE', 'DPPt', 'HgSs', 'B2W2', 'XY', 'BdSp', 'LA', 'SV']"
217,Ursaring,,"['GSC', 'RSE', 'DPPt', 'HgSs', 'B2W2', 'XY', 'BdSp', 'LA', 'SV']"
218,Slugma,,"['FrLg', 'GSC', 'RSE', 'DPPt', 'HgSs', 'XY', 'OrAs', 'UsUm', 'BdSp', 'SV']"
219,Magcargo,,"['FrLg', 'GSC', 'RSE', 'DPPt', 'HgSs', 'XY', 'OrAs', 'UsUm', 'BdSp', 'SV']"
220,Swinub,,"['FrLg', 'GSC', 'DPPt', 'HgSs', 'BW', 'B2W2', 'XY', 'SM', 'UsUm', 'BdSp', 'LA', 'SwSh', 'SV']"
221,Piloswine,,"['FrLg', 'GSC', 'DPPt', 'HgSs', 'BW', 'B2W2', 'XY', 'SM', 'UsUm', 'BdSp', 'LA', 'SwSh', 'SV']"
222,Corsola,,"['GSC', 'RSE', 'DPPt', 'HgSs', 'BW', 'B2W2', 'XY', 'OrAs', 'SM', 'UsUm', 'BdSp', 'SwSh']"
222,Corsola,Galarian,['SwSh']
223,Remoraid,,"['FrLg', 'GSC', 'RSE', 'DPPt', 'HgSs', 'BW', 'B2W2', 'XY', 'OrAs', 'UsUm', 'BdSp', 'LA', 'SwSh']"
224,Octillery,,"['FrLg', 'GSC', 'RSE', 'DPPt', 'HgSs', 'BW', 'B2W2', 'XY', 'OrAs', 'UsUm', 'BdSp', 'LA', 'SwSh']"
225,Delibird,,"['FrLg', 'GSC', 'DPPt', 'HgSs', 'BW', 'B2W2', 'XY', 'OrAs', 'SM', 'UsUm', 'BdSp', 'SwSh', 'ZA', 'SV']"
226,Mantine,,"['FrLg', 'GSC', 'DPPt', 'HgSs', 'BW', 'B2W2', 'XY', 'OrAs', 'UsUm', 'BdSp', 'LA', 'SwSh']"
227,Skarmory,,"['FrLg', 'GSC', 'RSE', 'DPPt', 'HgSs', 'B2W2', 'XY', 'OrAs', 'SM', 'UsUm', 'BdSp', 'SwSh', 'ZA', 'SV']"
228,Houndour,,"['GSC', 'RSE', 'DPPt', 'HgSs', 'BW', 'XY', 'UsUm', 'BdSp', 'ZA', 'SV']"
229,Houndoom,,"['GSC', 'RSE', 'DPPt', 'HgSs', 'BW', 'XY', 'UsUm', 'BdSp', 'ZA', 'SV']"
230,Kingdra,,"['FrLg', 'GSC', 'RSE', 'DPPt', 'HgSs', 'BW', 'B2W2', 'XY', 'OrAs', 'SM', 'UsUm', 'BdSp', 'SwSh', 'SV']"
231,Phanpy,,"['FrLg', 'GSC', 'RSE', 'DPPt', 'HgSs', 'B2W2', 'XY', 'OrAs', 'BdSp', 'SV']"
232,Donphan,,"['FrLg', 'GSC', 'RSE', 'DPPt', 'HgSs', 'B2W2', 'XY', 'OrAs', 'BdSp', 'SV']"
233,Porygon2,,"['FrLg', 'GSC', 'DPPt', 'HgSs', 'BW', 'OrAs', 'SM', 'UsUm', 'BdSp', 'LA', 'SwSh', 'ZA', 'SV']"
234,Stantler,,"['GSC', 'RSE', 'DPPt', 'HgSs', 'BW', 'OrAs', 'BdSp', 'LA', 'SV']"
235,Smeargle,,"['GSC', 'RSE', 'DPPt', 'HgSs', 'BW', 'XY', 'SM', 'UsUm', 'BdSp', 'SV']"
236,Tyrogue,,"['FrLg', 'GSC', 'DPPt', 'HgSs', 'BW', 'XY', 'OrAs', 'BdSp', 'SwSh', 'SV']"
237,Hitmontop,,"['FrLg', 'GSC', 'DPPt', 'HgSs', 'BW', 'XY', 'OrAs', 'BdSp', 'SwSh', 'SV']"
238,Smoochum,,"['FrLg', 'GSC', 'DPPt', 'HgSs', 'BW', 'XY', 'UsUm', 'BdSp', 'SwSh']"
239,Elekid,,"['FrLg', 'GSC', 'DPPt', 'HgSs', 'BW', 'B2W2', 'XY', 'OrAs', 'SM', 'UsUm', 'BdSp', 'LA', 'SwSh', 'SV']"
240,Magby,,"['FrLg', 'GSC', 'DPPt', 'HgSs', 'BW', 'B2W2', 'XY', 'OrAs', 'SM', 'UsUm', 'BdSp', 'LA', 'SwSh', 'SV']"
241,Miltank,,"['GSC', 'RSE', 'DPPt', 'HgSs', 'XY', 'SM', 'UsUm', 'BdSp', 'SwSh']"
242,Blissey,,"['FrLg', 'GSC', 'DPPt', 'HgSs', 'BW', 'B2W2', 'XY', 'OrAs', 'SM', 'UsUm', 'BdSp', 'LA', 'SwSh', 'SV']"
243,Raikou,,"['FrLg', 'GSC', 'HgSs', 'OrAs', 'SM', 'UsUm', 'BdSp', 'SwSh', 'SV']"
244,Entei,,"['FrLg', 'GSC', 'HgSs', 'OrAs', 'SM', 'UsUm', 'BdSp', 'SwSh', 'SV']"
245,Suicune,,"['FrLg', 'GSC', 'HgSs', 'OrAs', 'UsUm', 'BdSp', 'SwSh', 'SV']"
246,Larvitar,,"['FrLg', 'GSC', 'DPPt', 'HgSs', 'BW', 'B2W2', 'XY', 'UsUm', 'BdSp', 'SwSh', 'ZA', 'SV']"
247,Pupitar,,"['FrLg', 'GSC', 'DPPt', 'HgSs', 'BW', 'B2W2', 'XY', 'UsUm', 'BdSp', 'SwSh', 'ZA', 'SV']"
248,Tyranitar,,"['FrLg', 'GSC', 'DPPt', 'HgSs', 'BW', 'B2W2', 'XY', 'UsUm', 'BdSp', 'SwSh', 'ZA', 'SV']"
249,Lugia,,"['FrLg', 'GSC', 'RSE', 'HgSs', 'XY', 'OrAs', 'SM', 'UsUm', 'BdSp', 'SwSh', 'SV']"
250,Ho-Oh,,"['FrLg', 'GSC', 'RSE', 'HgSs', 'BW', 'OrAs', 'SM', 'UsUm', 'BdSp', 'SwSh', 'SV']"
251,Celebi,,"['GSC', 'HgSs', 'OrAs', 'SM', 'UsUm', 'BdSp', 'SwSh']"
252,Treecko,,"['RSE', 'HgSs', 'OrAs', 'UsUm', 'BdSp', 'SwSh', 'ZA', 'SV']"
253,Grovyle,,"['RSE', 'HgSs', 'OrAs', 'UsUm', 'BdSp', 'SwSh', 'ZA', 'SV']"
254,Sceptile,,"['RSE', 'HgSs', 'OrAs', 'UsUm', 'BdSp', 'SwSh', 'ZA', 'SV']"
255,Torchic,,"['RSE', 'HgSs', 'OrAs', 'UsUm', 'BdSp', 'SwSh', 'ZA', 'SV']"
256,Combusken,,"['RSE', 'HgSs', 'OrAs', 'UsUm', 'BdSp', 'SwSh', 'ZA', 'SV']"
257,Blaziken,,"['RSE', 'HgSs', 'OrAs', 'UsUm', 'BdSp', 'SwSh', 'ZA', 'SV']"
258,Mudkip,,"['RSE', 'HgSs', 'OrAs', 'UsUm', 'BdSp', 'SwSh', 'ZA', 'SV']"
259,Marshtomp,,"['RSE', 'HgSs', 'OrAs', 'UsUm', 'BdSp', 'SwSh', 'ZA', 'SV']"
260,Swampert,,"['RSE', 'HgSs', 'OrAs', 'UsUm', 'BdSp', 'SwSh', 'ZA', 'SV']"
261,Poochyena,,"['RSE', 'DPPt', 'HgSs', 'BW', 'XY', 'OrAs', 'BdSp', 'SV']"
262,Mightyena,,"['RSE', 'DPPt', 'HgSs', 'BW', 'XY', 'OrAs', 'BdSp', 'SV']"
263,Zigzagoon,,"['RSE', 'DPPt', 'HgSs', 'XY', 'OrAs', 'BdSp', 'SwSh']"
263,Zigzagoon,Galarian,['SwSh']
264,Linoone,,"['RSE', 'DPPt', 'HgSs', 'XY', 'OrAs', 'BdSp', 'SwSh']"
264,Linoone,Galarian,['SwSh']
265,Wurmple,,"['RSE', 'DPPt', 'HgSs', 'BW', 'XY', 'OrAs', 'BdSp', 'LA']"
266,Silcoon,,"['RSE', 'DPPt', 'HgSs', 'BW', 'XY', 'OrAs', 'BdSp', 'LA']"
267,Beautifly,,"['RSE', 'DPPt', 'HgSs', 'BW', 'XY', 'OrAs', 'BdSp', 'LA']"
268,Cascoon,,"['RSE', 'DPPt', 'HgSs', 'BW', 'XY', 'OrAs', 'BdSp', 'LA']"
269,Dustox,,"['RSE', 'DPPt', 'HgSs', 'BW', 'XY', 'OrAs', 'BdSp', 'LA']"
270,Lotad,,"['RSE', 'DPPt', 'HgSs', 'BW', 'B2W2', 'XY', 'OrAs', 'UsUm', 'BdSp', 'SwSh', 'SV']"
271,Lombre,,"['RSE', 'DPPt', 'HgSs', 'BW', 'B2W2', 'XY', 'OrAs', 'UsUm', 'BdSp', 'SwSh', 'SV']"
272,Ludicolo,,"['RSE', 'DPPt', 'HgSs', 'BW', 'B2W2', 'XY', 'OrAs', 'UsUm', 'BdSp', 'SwSh', 'SV']"
273,Seedot,,"['RSE', 'DPPt', 'HgSs', 'BW', 'B2W2', 'XY', 'OrAs', 'UsUm', 'BdSp', 'SwSh', 'SV']"
274,Nuzleaf,,"['RSE', 'DPPt', 'HgSs', 'BW', 'B2W2', 'XY', 'OrAs', 'UsUm', 'BdSp', 'SwSh', 'SV']"
275,Shiftry,,"['RSE', 'DPPt', 'HgSs', 'BW', 'B2W2', 'XY', 'OrAs', 'UsUm', 'BdSp', 'SwSh', 'SV']"
276,Taillow,,"['RSE', 'DPPt', 'HgSs', 'BW', 'B2W2', 'XY', 'OrAs', 'UsUm', 'BdSp']"
277,Swellow,,"['RSE', 'DPPt', 'HgSs', 'BW', 'B2W2', 'XY', 'OrAs', 'UsUm', 'BdSp']"
278,Wingull,,"['RSE', 'DPPt', 'HgSs', 'BW', 'B2W2', 'XY', 'OrAs', 'SM', 'UsUm', 'BdSp', 'SwSh', 'SV']"
279,Pelipper,,"['RSE', 'DPPt', 'HgSs', 'BW', 'B2W2', 'XY', 'OrAs', 'SM', 'UsUm', 'BdSp', 'SwSh', 'SV']"
280,Ralts,,"['RSE', 'DPPt', 'HgSs', 'BW', 'B2W2', 'XY', 'OrAs', 'UsUm', 'BdSp', 'LA', 'SwSh', 'ZA', 'SV']"
281,Kirlia,,"['RSE', 'DPPt', 'HgSs', 'BW', 'B2W2', 'XY', 'OrAs', 'UsUm', 'BdSp', 'LA', 'SwSh', 'ZA', 'SV']"
282,Gardevoir,,"['RSE', 'DPPt', 'HgSs', 'BW', 'B2W2', 'XY', 'OrAs', 'UsUm', 'BdSp', 'LA', 'SwSh', 'ZA', 'SV']"
283,Surskit,,"['RSE', 'DPPt', 'HgSs', 'BW', 'B2W2', 'XY', 'OrAs', 'SM', 'UsUm', 'BdSp', 'SV']"
284,Masquerain,,"['RSE', 'DPPt', 'HgSs', 'BW', 'B2W2', 'XY', 'OrAs', 'SM', 'UsUm', 'BdSp', 'SV']"
285,Shroomish,,"['RSE', 'DPPt', 'HgSs', 'BW', 'B2W2', 'XY', 'OrAs', 'BdSp', 'SV']"
286,Breloom,,"['RSE', 'DPPt', 'HgSs', 'BW', 'B2W2', 'XY', 'OrAs', 'BdSp', 'SV']"
287,Slakoth,,"['RSE', 'DPPt', 'HgSs', 'BW', 'B2W2', 'OrAs', 'SM', 'BdSp', 'SV']"
288,Vigoroth,,"['RSE', 'DPPt', 'HgSs', 'BW', 'B2W2', 'OrAs', 'SM', 'BdSp', 'SV']"
289,Slaking,,"['RSE', 'DPPt', 'HgSs', 'BW', 'B2W2', 'OrAs', 'SM', 'BdSp', 'SV']"
290,Nincada,,"['RSE', 'DPPt', 'HgSs', 'XY', 'OrAs', 'BdSp', 'SwSh']"
291,Ninjask,,"['RSE', 'DPPt', 'HgSs', 'XY', 'OrAs', 'BdSp', 'SwSh']"
292,Shedinja,,"['RSE', 'DPPt', 'HgSs', 'XY', 'OrAs', 'BdSp', 'SwSh']"
293,Whismur,,"['RSE', 'DPPt', 'HgSs', 'BW', 'XY', 'OrAs', 'BdSp', 'SwSh']"
294,Loudred,,"['RSE', 'DPPt', 'HgSs', 'BW', 'XY', 'OrAs', 'BdSp', 'SwSh']"
295,Exploud,,"['RSE', 'DPPt', 'HgSs', 'BW', 'XY', 'OrAs', 'BdSp', 'SwSh']"
296,Makuhita,,"['RSE', 'DPPt', 'HgSs', 'B2W2', 'XY', 'OrAs', 'SM', 'UsUm', 'BdSp', 'SV']"
297,Hariyama,,"['RSE', 'DPPt', 'HgSs', 'B2W2', 'XY', 'OrAs', 'SM', 'UsUm', 'BdSp', 'SV']"
298,Azurill,,"['FrLg', 'RSE', 'DPPt', 'HgSs', 'BW', 'B2W2', 'XY', 'OrAs', 'SM', 'BdSp', 'SwSh', 'SV']"
299,Nosepass,,"['RSE', 'DPPt', 'HgSs', 'B2W2', 'XY', 'OrAs', 'SM', 'UsUm', 'BdSp', 'LA', 'SV']"
300,Skitty,,"['RSE', 'DPPt', 'HgSs', 'B2W2', 'XY', 'OrAs', 'BdSp']"
301,Delcatty,,"['RSE', 'DPPt', 'HgSs', 'B2W2', 'XY', 'OrAs', 'BdSp']"
302,Sableye,,"['RSE', 'DPPt', 'HgSs', 'BW', 'B2W2', 'XY', 'OrAs', 'SM', 'UsUm', 'BdSp', 'SwSh', 'ZA', 'SV']"
303,Mawile,,"['RSE', 'DPPt', 'HgSs', 'BW', 'B2W2', 'XY', 'OrAs', 'UsUm', 'BdSp', 'SwSh', 'ZA']"
304,Aron,,"['RSE', 'DPPt', 'HgSs', 'BW', 'B2W2', 'XY', 'OrAs', 'UsUm', 'BdSp', 'SwSh', 'ZA']"
305,Lairon,,"['RSE', 'DPPt', 'HgSs', 'BW', 'B2W2', 'XY', 'OrAs', 'UsUm', 'BdSp', 'SwSh', 'ZA']"
306,Aggron,,"['RSE', 'DPPt', 'HgSs', 'BW', 'B2W2', 'XY', 'OrAs', 'UsUm', 'BdSp', 'SwSh', 'ZA']"
307,Meditite,,"['RSE', 'DPPt', 'HgSs', 'B2W2', 'XY', 'OrAs', 'UsUm', 'BdSp', 'ZA', 'SV']"
308,Medicham,,"['RSE', 'DPPt', 'HgSs', 'B2W2', 'XY', 'OrAs', 'UsUm', 'BdSp', 'ZA', 'SV']"
309,Electrike,,"['RSE', 'DPPt', 'HgSs', 'B2W2', 'XY', 'OrAs', 'UsUm', 'BdSp', 'SwSh', 'ZA']"
310,Manectric,,"['RSE', 'DPPt', 'HgSs', 'B2W2', 'XY', 'OrAs', 'UsUm', 'BdSp', 'SwSh', 'ZA']"
311,Plusle,,"['RSE', 'DPPt', 'HgSs', 'BW', 'B2W2', 'XY', 'OrAs', 'BdSp', 'SV']"
312,Minun,,"['RSE', 'DPPt', 'HgSs', 'BW', 'B2W2', 'XY', 'OrAs', 'BdSp', 'SV']"
313,Volbeat,,"['RSE', 'DPPt', 'HgSs', 'BW', 'B2W2', 'XY', 'OrAs', 'BdSp', 'SV']"
314,Illumise,,"['RSE', 'DPPt', 'HgSs', 'BW', 'B2W2', 'XY', 'OrAs', 'BdSp', 'SV']"
315,Roselia,,"['RSE', 'DPPt', 'HgSs', 'BW', 'B2W2', 'XY', 'OrAs', 'SM', 'BdSp', 'LA', 'SwSh', 'ZA']"
316,Gulpin,,"['RSE', 'DPPt', 'HgSs', 'B2W2', 'XY', 'OrAs', 'BdSp', 'ZA', 'SV']"
317,Swalot,,"['RSE', 'DPPt', 'HgSs', 'B2W2', 'XY', 'OrAs', 'BdSp', 'ZA', 'SV']"
318,Carvanha,,"['RSE', 'DPPt', 'HgSs', 'BW', 'B2W2', 'XY', 'OrAs', 'SM', 'UsUm', 'BdSp', 'SwSh', 'ZA']"
319,Sharpedo,,"['RSE', 'DPPt', 'HgSs', 'BW', 'B2W2', 'XY', 'OrAs', 'SM', 'UsUm', 'BdSp', 'SwSh', 'ZA']"
320,Wailmer,,"['RSE', 'DPPt', 'HgSs', 'BW', 'B2W2', 'XY', 'OrAs', 'SM', 'UsUm', 'BdSp', 'SwSh']"
321,Wailord,,"['RSE', 'DPPt', 'HgSs', 'BW', 'B2W2', 'XY', 'OrAs', 'SM', 'UsUm', 'BdSp', 'SwSh']"
322,Numel,,"['RSE', 'DPPt', 'HgSs', 'B2W2', 'XY', 'OrAs', 'BdSp', 'ZA', 'SV']"
323,Camerupt,,"['RSE', 'DPPt', 'HgSs', 'B2W2', 'XY', 'OrAs', 'BdSp', 'ZA', 'SV']"
324,Torkoal,,"['RSE', 'DPPt', 'HgSs', 'XY', 'OrAs', 'SM', 'UsUm', 'BdSp', 'SwSh', 'SV']"
325,Spoink,,"['RSE', 'DPPt', 'HgSs', 'B2W2', 'XY', 'OrAs', 'UsUm', 'BdSp', 'ZA', 'SV']"
326,Grumpig,,"['RSE', 'DPPt', 'HgSs', 'B2W2', 'XY', 'OrAs', 'UsUm', 'BdSp', 'ZA', 'SV']"
327,Spinda,,"['RSE', 'DPPt', 'HgSs', 'B2W2', 'XY', 'OrAs', 'SM', 'UsUm', 'BdSp']"
328,Trapinch,,"['RSE', 'DPPt', 'HgSs', 'BW', 'B2W2', 'XY', 'OrAs', 'SM', 'UsUm', 'BdSp', 'SwSh', 'SV']"
329,Vibrava,,"['RSE', 'DPPt', 'HgSs', 'BW', 'B2W2', 'XY', 'OrAs', 'SM', 'UsUm', 'BdSp', 'SwSh', 'SV']"
330,Flygon,,"['RSE', 'DPPt', 'HgSs', 'BW', 'B2W2', 'XY', 'OrAs', 'SM', 'UsUm', 'BdSp', 'SwSh', 'SV']"
331,Cacnea,,"['RSE', 'DPPt', 'HgSs', 'B2W2', 'XY', 'OrAs', 'BdSp', 'SV']"
332,Cacturne,,"['RSE', 'DPPt', 'HgSs', 'B2W2', 'XY', 'OrAs', 'BdSp', 'SV']"
333,Swablu,,"['RSE', 'DPPt', 'HgSs', 'BW', 'B2W2', 'XY', 'OrAs', 'UsUm', 'BdSp', 'SwSh', 'ZA', 'SV']"
334,Altaria,,"['RSE', 'DPPt', 'HgSs', 'BW', 'B2W2', 'XY', 'OrAs', 'UsUm', 'BdSp', 'SwSh', 'ZA', 'SV']"
335,Zangoose,,"['RSE', 'DPPt', 'HgSs', 'BW', 'B2W2', 'XY', 'OrAs', 'BdSp', 'ZA', 'SV']"
336,Seviper,,"['RSE', 'DPPt', 'HgSs', 'BW', 'B2W2', 'XY', 'OrAs', 'BdSp', 'ZA', 'SV']"
337,Lunatone,,"['RSE', 'DPPt', 'HgSs', 'BW', 'B2W2', 'XY', 'OrAs', 'BdSp', 'SwSh']"
338,Solrock,,"['RSE', 'DPPt', 'HgSs', 'BW', 'B2W2', 'XY', 'OrAs', 'BdSp', 'SwSh']"
339,Barboach,,"['RSE', 'DPPt', 'HgSs', 'BW', 'B2W2', 'XY', 'OrAs', 'SM', 'UsUm', 'BdSp', 'LA', 'SwSh', 'SV']"
340,Whiscash,,"['RSE', 'DPPt', 'HgSs', 'BW', 'B2W2', 'XY', 'OrAs', 'SM', 'UsUm', 'BdSp', 'LA', 'SwSh', 'SV']"
341,Corphish,,"['RSE', 'DPPt', 'HgSs', 'BW', 'B2W2', 'XY', 'OrAs', 'UsUm', 'BdSp', 'SwSh', 'SV']"
342,Crawdaunt,,"['RSE', 'DPPt', 'HgSs', 'BW', 'B2W2', 'XY', 'OrAs', 'UsUm', 'BdSp', 'SwSh', 'SV']"
343,Baltoy,,"['RSE', 'DPPt', 'HgSs', 'BW', 'B2W2', 'OrAs', 'UsUm', 'BdSp', 'SwSh']"
344,Claydol,,"['RSE', 'DPPt', 'HgSs', 'BW', 'B2W2', 'OrAs', 'UsUm', 'BdSp', 'SwSh']"
345,Lileep,,"['RSE', 'DPPt', 'HgSs', 'BW', 'B2W2', 'XY', 'OrAs', 'UsUm', 'BdSp', 'SwSh']"
346,Cradily,,"['RSE', 'DPPt', 'HgSs', 'BW', 'B2W2', 'XY', 'OrAs', 'UsUm', 'BdSp', 'SwSh']"
347,Anorith,,"['RSE', 'DPPt', 'HgSs', 'BW', 'B2W2', 'XY', 'OrAs', 'UsUm', 'BdSp', 'SwSh']"
348,Armaldo,,"['RSE', 'DPPt', 'HgSs', 'BW', 'B2W2', 'XY', 'OrAs', 'UsUm', 'BdSp', 'SwSh']"
349,Feebas,,"['RSE', 'DPPt', 'HgSs', 'BW', 'B2W2', 'OrAs', 'SM', 'UsUm', 'BdSp', 'SwSh', 'ZA', 'SV']"
350,Milotic,,"['RSE', 'DPPt', 'HgSs', 'BW', 'B2W2', 'OrAs', 'SM', 'UsUm', 'BdSp', 'SwSh', 'ZA', 'SV']"
351,Castform,,"['RSE', 'DPPt', 'HgSs', 'B2W2', 'OrAs', 'SM', 'UsUm', 'BdSp']"
352,Kecleon,,"['RSE', 'DPPt', 'HgSs', 'B2W2', 'XY', 'OrAs', 'UsUm', 'BdSp', 'ZA']"
353,Shuppet,,"['RSE', 'DPPt', 'HgSs', 'BW', 'B2W2', 'XY', 'OrAs', 'UsUm', 'BdSp', 'ZA', 'SV']"
354,Banette,,"['RSE', 'DPPt', 'HgSs', 'BW', 'B2W2', 'XY', 'OrAs', 'UsUm', 'BdSp', 'ZA', 'SV']"
355,Duskull,,"['RSE', 'DPPt', 'HgSs', 'XY', 'OrAs', 'BdSp', 'LA', 'SwSh', 'SV']"
356,Dusclops,,"['RSE', 'DPPt', 'HgSs', 'XY', 'OrAs', 'BdSp', 'LA', 'SwSh', 'SV']"
357,Tropius,,"['RSE', 'DPPt', 'HgSs', 'BW', 'B2W2', 'XY', 'OrAs', 'UsUm', 'BdSp', 'SV']"
358,Chimecho,,"['RSE', 'DPPt', 'HgSs', 'BW', 'XY', 'OrAs', 'BdSp', 'LA', 'ZA', 'SV']"
359,Absol,,"['RSE', 'DPPt', 'HgSs', 'BW', 'B2W2', 'XY', 'OrAs', 'SM', 'UsUm', 'BdSp', 'SwSh', 'ZA']"
360,Wynaut,,"['FrLg', 'RSE', 'DPPt', 'HgSs', 'BW', 'B2W2', 'XY', 'OrAs', 'BdSp', 'SwSh']"
361,Snorunt,,"['RSE', 'DPPt', 'HgSs', 'XY', 'OrAs', 'SM', 'UsUm', 'BdSp', 'LA', 'SwSh', 'ZA', 'SV']"
362,Glalie,,"['RSE', 'DPPt', 'HgSs', 'XY', 'OrAs', 'SM', 'UsUm', 'BdSp', 'LA', 'SwSh', 'ZA', 'SV']"
363,Spheal,,"['RSE', 'DPPt', 'HgSs', 'BW', 'B2W2', 'XY', 'OrAs', 'SM', 'UsUm', 'BdSp', 'LA', 'SwSh']"
364,Sealeo,,"['RSE', 'DPPt', 'HgSs', 'BW', 'B2W2', 'XY', 'OrAs', 'SM', 'UsUm', 'BdSp', 'LA', 'SwSh']"
365,Walrein,,"['RSE', 'DPPt', 'HgSs', 'BW', 'B2W2', 'XY', 'OrAs', 'SM', 'UsUm', 'BdSp', 'LA', 'SwSh']"
366,Clamperl,,"['RSE', 'DPPt', 'HgSs', 'BW', 'B2W2', 'XY', 'OrAs', 'UsUm', 'BdSp']"
367,Huntail,,"['RSE', 'DPPt', 'HgSs', 'BW', 'B2W2', 'XY', 'OrAs', 'UsUm', 'BdSp']"
368,Gorebyss,,"['RSE', 'DPPt', 'HgSs', 'BW', 'B2W2', 'XY', 'OrAs', 'UsUm', 'BdSp']"
369,Relicanth,,"['RSE', 'DPPt', 'HgSs', 'BW', 'B2W2', 'XY', 'OrAs', 'SM', 'UsUm', 'BdSp', 'SwSh']"
370,Luvdisc,,"['RSE', 'DPPt', 'HgSs', 'BW', 'B2W2', 'XY', 'OrAs', 'SM', 'UsUm', 'BdSp', 'SV']"
371,Bagon,,"['RSE', 'DPPt', 'HgSs', 'BW', 'B2W2', 'XY', 'OrAs', 'SM', 'UsUm', 'BdSp', 'SwSh', 'ZA', 'SV']"
372,Shelgon,,"['RSE', 'DPPt', 'HgSs', 'BW', 'B2W2', 'XY', 'OrAs', 'SM', 'UsUm', 'BdSp', 'SwSh', 'ZA', 'SV']"
373,Salamence,,"['RSE', 'DPPt', 'HgSs', 'BW', 'B2W2', 'XY', 'OrAs', 'SM', 'UsUm', 'BdSp', 'SwSh', 'ZA', 'SV']"
374,Beldum,,"['RSE', 'DPPt', 'HgSs', 'BW', 'B2W2', 'XY', 'OrAs', 'SM', 'UsUm', 'BdSp', 'SwSh', 'ZA', 'SV']"
375,Metang,,"['RSE', 'DPPt', 'HgSs', 'BW', 'B2W2', 'XY', 'OrAs', 'SM', 'UsUm', 'BdSp', 'SwSh', 'ZA', 'SV']"
376,Metagross,,"['RSE', 'DPPt', 'HgSs', 'BW', 'B2W2', 'XY', 'OrAs', 'SM', 'UsUm', 'BdSp', 'SwSh', 'ZA', 'SV']"
377,Regirock,,"['RSE', 'DPPt', 'B2W2', 'OrAs', 'UsUm', 'BdSp', 'SwSh', 'SV']"
378,Regice,,"['RSE', 'DPPt', 'B2W2', 'OrAs', 'UsUm', 'BdSp', 'SwSh', 'SV']"
379,Registeel,,"['RSE', 'DPPt', 'B2W2', 'OrAs', 'UsUm', 'BdSp', 'SwSh', 'SV']"
380,Latias,,"['RSE', 'HgSs', 'B2W2', 'XY', 'OrAs', 'SM', 'UsUm', 'BdSp', 'SwSh', 'ZA', 'SV']"
381,Latios,,"['RSE', 'HgSs', 'B2W2', 'XY', 'OrAs', 'SM', 'UsUm', 'BdSp', 'SwSh', 'ZA', 'SV']"
382,Kyogre,,"['RSE', 'HgSs', 'XY', 'OrAs', 'SM', 'UsUm', 'BdSp', 'SwSh', 'ZA', 'SV']"
383,Groudon,,"['RSE', 'HgSs', 'XY', 'OrAs', 'SM', 'UsUm', 'BdSp', 'SwSh', 'ZA', 'SV']"
384,Rayquaza,,"['RSE', 'HgSs', 'XY', 'OrAs', 'UsUm', 'BdSp', 'SwSh', 'ZA', 'SV']"
385,Jirachi,,"['RSE', 'XY', 'OrAs', 'SM', 'BdSp', 'SwSh', 'SV']"
386,Deoxys,,"['RSE', 'OrAs', 'BdSp']"
386,Deoxys,Attack,['FrLg']
386,Deoxys,Attack Forme,"['BdSp', 'SV']"
386,Deoxys,Defense,['FrLg']
386,Deoxys,Defense Forme,"['BdSp', 'SV']"
386,Deoxys,Normal Forme,['SV']
386,Deoxys,Speed Forme,"['BdSp', 'SV']"
387,Turtwig,,"['DPPt', 'OrAs', 'UsUm', 'BdSp', 'LA', 'SV']"
388,Grotle,,"['DPPt', 'OrAs', 'UsUm', 'BdSp', 'LA', 'SV']"
389,Torterra,,"['DPPt', 'OrAs', 'UsUm', 'BdSp', 'LA', 'SV']"
390,Chimchar,,"['DPPt', 'OrAs', 'UsUm', 'BdSp', 'LA', 'SV']"
391,Monferno,,"['DPPt', 'OrAs', 'UsUm', 'BdSp', 'LA', 'SV']"
392,Infernape,,"['DPPt', 'OrAs', 'UsUm', 'BdSp', 'LA', 'SV']"
393,Piplup,,"['DPPt', 'OrAs', 'UsUm', 'BdSp', 'LA', 'SV']"
394,Prinplup,,"['DPPt', 'OrAs', 'UsUm', 'BdSp', 'LA', 'SV']"
395,Empoleon,,"['DPPt', 'OrAs', 'UsUm', 'BdSp', 'LA', 'SV']"
396,Starly,,"['DPPt', 'HgSs', 'BW', 'XY', 'SM', 'BdSp', 'LA', 'ZA', 'SV']"
397,Staravia,,"['DPPt', 'HgSs', 'BW', 'XY', 'SM', 'BdSp', 'LA', 'ZA', 'SV']"
398,Staraptor,,"['DPPt', 'HgSs', 'BW', 'XY', 'SM', 'BdSp', 'LA', 'ZA', 'SV']"
399,Bidoof,,"['DPPt', 'HgSs', 'BW', 'B2W2', 'XY', 'BdSp', 'LA']"
400,Bibarel,,"['DPPt', 'HgSs', 'BW', 'B2W2', 'XY', 'BdSp', 'LA']"
401,Kricketot,,"['DPPt', 'HgSs', 'BW', 'OrAs', 'BdSp', 'LA', 'SV']"
402,Kricketune,,"['DPPt', 'HgSs', 'BW', 'OrAs', 'BdSp', 'LA', 'SV']"
403,Shinx,,"['DPPt', 'HgSs', 'BW', 'XY', 'OrAs', 'SM', 'BdSp', 'LA', 'SwSh', 'SV']"
404,Luxio,,"['DPPt', 'HgSs', 'BW', 'XY', 'OrAs', 'SM', 'BdSp', 'LA', 'SwSh', 'SV']"
405,Luxray,,"['DPPt', 'HgSs', 'BW', 'XY', 'OrAs', 'SM', 'BdSp', 'LA', 'SwSh', 'SV']"
406,Budew,,"['DPPt', 'HgSs', 'BW', 'B2W2', 'XY', 'OrAs', 'SM', 'BdSp', 'LA', 'SwSh', 'ZA']"
407,Roserade,,"['DPPt', 'HgSs', 'BW', 'B2W2', 'XY', 'OrAs', 'SM', 'BdSp', 'LA', 'SwSh', 'ZA']"
408,Cranidos,,"['DPPt', 'BW', 'B2W2', 'XY', 'OrAs', 'SM', 'UsUm', 'BdSp', 'LA', 'SV']"
409,Rampardos,,"['DPPt', 'BW', 'B2W2', 'XY', 'OrAs', 'SM', 'UsUm', 'BdSp', 'LA', 'SV']"
410,Shieldon,,"['DPPt', 'BW', 'B2W2', 'XY', 'OrAs', 'SM', 'UsUm', 'BdSp', 'LA', 'SV']"
411,Bastiodon,,"['DPPt', 'BW', 'B2W2', 'XY', 'OrAs', 'SM', 'UsUm', 'BdSp', 'LA', 'SV']"
412,Burmy,,"['DPPt', 'HgSs', 'XY', 'BdSp', 'LA']"
413,Wormadam,,"['DPPt', 'HgSs', 'XY', 'BdSp', 'LA']"
413,Wormadam,Sandy Cloak,"['BdSp', 'LA']"
413,Wormadam,Trash Cloak,"['BdSp', 'LA']"
414,Mothim,,"['DPPt', 'HgSs', 'XY', 'BdSp', 'LA']"
415,Combee,,"['DPPt', 'HgSs', 'BW', 'B2W2', 'XY', 'BdSp', 'LA', 'SwSh', 'SV']"
416,Vespiquen,,"['DPPt', 'HgSs', 'BW', 'B2W2', 'XY', 'BdSp', 'LA', 'SwSh', 'SV']"
417,Pachirisu,,"['DPPt', 'HgSs', 'B2W2', 'XY', 'BdSp', 'LA', 'SV']"
418,Buizel,,"['DPPt', 'HgSs', 'BW', 'B2W2', 'XY', 'UsUm', 'BdSp', 'LA', 'SV']"
419,Floatzel,,"['DPPt', 'HgSs', 'BW', 'B2W2', 'XY', 'UsUm', 'BdSp', 'LA', 'SV']"
420,Cherubi,,"['DPPt', 'HgSs', 'BW', 'OrAs', 'BdSp', 'LA', 'SwSh']"
421,Cherrim,,"['DPPt', 'HgSs', 'BW', 'OrAs', 'BdSp', 'LA', 'SwSh']"
421,Cherrim,Sunshine Form,['SwSh']
422,Shellos,,"['DPPt', 'HgSs', 'B2W2', 'XY', 'OrAs', 'SM', 'UsUm', 'BdSp', 'LA', 'SwSh']"
422,Shellos,East Sea,['SV']
422,Shellos,West Sea,"['BdSp', 'SV']"
423,Gastrodon,,"['DPPt', 'HgSs', 'B2W2', 'XY', 'OrAs', 'SM', 'UsUm', 'BdSp', 'LA', 'SwSh']"
423,Gastrodon,East Sea,['SV']
423,Gastrodon,West Sea,"['BdSp', 'SV']"
424,Ambipom,,"['DPPt', 'HgSs', 'B2W2', 'XY', 'OrAs', 'UsUm', 'BdSp', 'LA', 'SV']"
425,Drifloon,,"['DPPt', 'BW', 'B2W2', 'XY', 'OrAs', 'SM', 'UsUm', 'BdSp', 'LA', 'SwSh', 'SV']"
426,Drifblim,,"['DPPt', 'BW', 'B2W2', 'XY', 'OrAs', 'SM', 'UsUm', 'BdSp', 'LA', 'SwSh', 'SV']"
427,Buneary,,"['DPPt', 'HgSs', 'B2W2', 'OrAs', 'UsUm', 'BdSp', 'LA', 'SwSh', 'ZA']"
428,Lopunny,,"['DPPt', 'HgSs', 'B2W2', 'OrAs', 'UsUm', 'BdSp', 'LA', 'SwSh', 'ZA']"
429,Mismagius,,"['DPPt', 'HgSs', 'BW', 'OrAs', 'SM', 'UsUm', 'BdSp', 'LA', 'SV']"
430,Honchkrow,,"['DPPt', 'HgSs', 'BW', 'B2W2', 'XY', 'OrAs', 'SM', 'UsUm', 'BdSp', 'LA', 'SV']"
431,Glameow,,"['DPPt', 'B2W2', 'OrAs', 'BdSp', 'LA']"
432,Purugly,,"['DPPt', 'B2W2', 'OrAs', 'BdSp', 'LA']"
433,Chingling,,"['DPPt', 'HgSs', 'BW', 'XY', 'OrAs', 'BdSp', 'LA', 'ZA', 'SV']"
434,Stunky,,"['DPPt', 'B2W2', 'XY', 'BdSp', 'LA', 'SwSh', 'SV']"
435,Skuntank,,"['DPPt', 'B2W2', 'XY', 'BdSp', 'LA', 'SwSh', 'SV']"
436,Bronzor,,"['DPPt', 'HgSs', 'BW', 'B2W2', 'XY', 'OrAs', 'BdSp', 'LA', 'SwSh', 'SV']"
437,Bronzong,,"['DPPt', 'HgSs', 'BW', 'B2W2', 'XY', 'OrAs', 'BdSp', 'LA', 'SwSh', 'SV']"
438,Bonsly,,"['DPPt', 'HgSs', 'B2W2', 'XY', 'SM', 'UsUm', 'BdSp', 'LA', 'SwSh', 'SV']"
439,Mime Jr.,,"['DPPt', 'HgSs', 'B2W2', 'XY', 'UsUm', 'BdSp', 'LA', 'SwSh', 'ZA']"
440,Happiny,,"['DPPt', 'HgSs', 'BW', 'B2W2', 'XY', 'OrAs', 'SM', 'UsUm', 'BdSp', 'LA', 'SwSh', 'SV']"
441,Chatot,,"['DPPt', 'HgSs', 'B2W2', 'XY', 'OrAs', 'BdSp', 'LA']"
442,Spiritomb,,"['DPPt', 'HgSs', 'B2W2', 'XY', 'OrAs', 'BdSp', 'LA', 'SwSh', 'SV']"
443,Gible,,"['DPPt', 'HgSs', 'B2W2', 'XY', 'OrAs', 'SM', 'UsUm', 'BdSp', 'LA', 'SwSh', 'ZA', 'SV']"
444,Gabite,,"['DPPt', 'HgSs', 'B2W2', 'XY', 'OrAs', 'SM', 'UsUm', 'BdSp', 'LA', 'SwSh', 'ZA', 'SV']"
445,Garchomp,,"['DPPt', 'HgSs', 'B2W2', 'XY', 'OrAs', 'SM', 'UsUm', 'BdSp', 'LA', 'SwSh', 'ZA', 'SV']"
446,Munchlax,,"['DPPt', 'HgSs', 'BW', 'B2W2', 'XY', 'SM', 'UsUm', 'BdSp', 'LA', 'SwSh', 'SV']"
447,Riolu,,"['DPPt', 'HgSs', 'BW', 'B2W2', 'XY', 'SM', 'UsUm', 'BdSp', 'LA', 'SwSh', 'ZA', 'SV']"
448,Lucario,,"['DPPt', 'HgSs', 'BW', 'B2W2', 'XY', 'SM', 'UsUm', 'BdSp', 'LA', 'SwSh', 'ZA', 'SV']"
449,Hippopotas,,"['DPPt', 'HgSs', 'BW', 'B2W2', 'XY', 'UsUm', 'BdSp', 'LA', 'SwSh', 'ZA', 'SV']"
450,Hippowdon,,"['DPPt', 'HgSs', 'BW', 'B2W2', 'XY', 'UsUm', 'BdSp', 'LA', 'SwSh', 'ZA', 'SV']"
451,Skorupi,,"['DPPt', 'HgSs', 'B2W2', 'XY', 'OrAs', 'UsUm', 'BdSp', 'LA', 'SwSh']"
452,Drapion,,"['DPPt', 'HgSs', 'B2W2', 'XY', 'OrAs', 'UsUm', 'BdSp', 'LA', 'SwSh']"
453,Croagunk,,"['DPPt', 'HgSs', 'BW', 'B2W2', 'XY', 'BdSp', 'LA', 'SwSh', 'SV']"
454,Toxicroak,,"['DPPt', 'HgSs', 'BW', 'B2W2', 'XY', 'BdSp', 'LA', 'SwSh', 'SV']"
455,Carnivine,,"['DPPt', 'HgSs', 'B2W2', 'XY', 'BdSp', 'LA']"
456,Finneon,,"['DPPt', 'HgSs', 'BW', 'B2W2', 'OrAs', 'SM', 'UsUm', 'BdSp', 'LA', 'SV']"
457,Lumineon,,"['DPPt', 'HgSs', 'BW', 'B2W2', 'OrAs', 'SM', 'UsUm', 'BdSp', 'LA', 'SV']"
458,Mantyke,,"['DPPt', 'HgSs', 'BW', 'B2W2', 'XY', 'OrAs', 'UsUm', 'BdSp', 'LA', 'SwSh']"
459,Snover,,"['DPPt', 'HgSs', 'XY', 'UsUm', 'BdSp', 'LA', 'SwSh', 'ZA', 'SV']"
460,Abomasnow,,"['DPPt', 'HgSs', 'XY', 'UsUm', 'BdSp', 'LA', 'SwSh', 'ZA', 'SV']"
461,Weavile,,"['DPPt', 'HgSs', 'BW', 'B2W2', 'XY', 'SM', 'UsUm', 'BdSp', 'LA', 'SwSh', 'SV']"
462,Magnezone,,"['DPPt', 'BW', 'B2W2', 'XY', 'OrAs', 'SM', 'UsUm', 'BdSp', 'LA', 'SwSh', 'SV']"
463,Lickilicky,,"['DPPt', 'HgSs', 'BW', 'B2W2', 'XY', 'UsUm', 'BdSp', 'LA', 'SwSh']"
464,Rhyperior,,"['DPPt', 'HgSs', 'BW', 'B2W2', 'XY', 'OrAs', 'SM', 'UsUm', 'BdSp', 'LA', 'SwSh', 'SV']"
465,Tangrowth,,"['DPPt', 'HgSs', 'BW', 'B2W2', 'XY', 'OrAs', 'BdSp', 'LA', 'SwSh']"
466,Electivire,,"['DPPt', 'HgSs', 'BW', 'B2W2', 'XY', 'OrAs', 'SM', 'UsUm', 'BdSp', 'LA', 'SwSh', 'SV']"
467,Magmortar,,"['DPPt', 'HgSs', 'BW', 'B2W2', 'XY', 'OrAs', 'SM', 'UsUm', 'BdSp', 'LA', 'SwSh', 'SV']"
468,Togekiss,,"['DPPt', 'HgSs', 'BW', 'B2W2', 'XY', 'OrAs', 'SM', 'BdSp', 'LA', 'SwSh']"
469,Yanmega,,"['DPPt', 'HgSs', 'BW', 'B2W2', 'XY', 'UsUm', 'BdSp', 'LA', 'SV']"
470,Leafeon,,"['DPPt', 'B2W2', 'XY', 'OrAs', 'SM', 'UsUm', 'BdSp', 'LA', 'SwSh', 'ZA', 'SV']"
471,Glaceon,,"['DPPt', 'B2W2', 'XY', 'OrAs', 'SM', 'UsUm', 'BdSp', 'LA', 'SwSh', 'ZA', 'SV']"
472,Gliscor,,"['DPPt', 'HgSs', 'BW', 'B2W2', 'XY', 'BdSp', 'LA', 'SV']"
473,Mamoswine,,"['DPPt', 'HgSs', 'BW', 'B2W2', 'XY', 'SM', 'UsUm', 'BdSp', 'LA', 'SwSh', 'SV']"
474,Porygon-Z,,"['DPPt', 'HgSs', 'BW', 'OrAs', 'SM', 'UsUm', 'BdSp', 'LA', 'SwSh', 'ZA', 'SV']"
475,Gallade,,"['DPPt', 'HgSs', 'BW', 'B2W2', 'XY', 'OrAs', 'UsUm', 'BdSp', 'LA', 'SwSh', 'ZA', 'SV']"
476,Probopass,,"['DPPt', 'B2W2', 'XY', 'OrAs', 'SM', 'UsUm', 'BdSp', 'LA', 'SV']"
477,Dusknoir,,"['DPPt', 'HgSs', 'XY', 'OrAs', 'BdSp', 'LA', 'SwSh', 'SV']"
478,Froslass,,"['DPPt', 'HgSs', 'XY', 'OrAs', 'SM', 'UsUm', 'BdSp', 'LA', 'SwSh', 'ZA', 'SV']"
479,Fan Rotom,,"['BdSp', 'SwSh']"
479,Frost Rotom,,"['BdSp', 'SwSh']"
479,Heat Rotom,,"['BdSp', 'SwSh']"
479,Mow Rotom,,"['BdSp', 'SwSh']"
479,Rotom,,"['DPPt', 'BW', 'B2W2', 'XY', 'UsUm', 'BdSp', 'LA', 'SwSh', 'ZA', 'SV']"
479,Rotom,Fan,"['LA', 'ZA', 'SV']"
479,Rotom,Frost,"['LA', 'ZA', 'SV']"
479,Rotom,Heat,"['LA', 'ZA', 'SV']"
479,Rotom,Mow,"['LA', 'ZA', 'SV']"
479,Rotom,Wash,"['LA', 'ZA', 'SV']"
479,Wash Rotom,,"['BdSp', 'SwSh']"
480,Uxie,,"['DPPt', 'B2W2', 'OrAs', 'UsUm', 'BdSp', 'LA', 'SwSh', 'SV']"
481,Mesprit,,"['DPPt', 'B2W2', 'OrAs', 'UsUm', 'BdSp', 'LA', 'SwSh', 'SV']"
482,Azelf,,"['DPPt', 'B2W2', 'OrAs', 'UsUm', 'BdSp', 'LA', 'SwSh', 'SV']"
483,Dialga,,"['DPPt', 'HgSs', 'B2W2', 'XY', 'OrAs', 'SM', 'UsUm', 'BdSp', 'LA', 'SwSh', 'SV']"
483,Dialga,Origin Forme,"['LA', 'SV']"
484,Palkia,,"['DPPt', 'HgSs', 'B2W2', 'XY', 'OrAs', 'SM', 'UsUm', 'BdSp', 'LA', 'SwSh', 'SV']"
484,Palkia,Origin Forme,"['LA', 'SV']"
485,Heatran,,"['DPPt', 'B2W2', 'OrAs', 'SM', 'UsUm', 'BdSp', 'LA', 'SwSh', 'ZA', 'SV']"
486,Regigigas,,"['DPPt', 'B2W2', 'OrAs', 'SM', 'UsUm', 'BdSp', 'LA', 'SwSh', 'SV']"
487,Giratina,,"['DPPt', 'HgSs', 'B2W2', 'XY', 'OrAs', 'UsUm', 'LA', 'SwSh']"
487,Giratina,Altered Forme,"['BdSp', 'SV']"
487,Giratina,Origin Forme,"['BdSp', 'LA', 'SwSh', 'SV']"
488,Cresselia,,"['DPPt', 'B2W2', 'OrAs', 'UsUm', 'BdSp', 'LA', 'SwSh', 'SV']"
489,Phione,,"['DPPt', 'XY', 'OrAs', 'SM', 'UsUm', 'BdSp', 'LA', 'SV']"
490,Manaphy,,"['DPPt', 'XY', 'OrAs', 'SM', 'UsUm', 'BdSp', 'LA', 'SV']"
491,Darkrai,,"['DPPt', 'XY', 'OrAs', 'SM', 'UsUm', 'BdSp', 'LA', 'ZA', 'SV']"
492,Shaymin,,"['DPPt', 'OrAs', 'SM', 'UsUm', 'LA']"
492,Shaymin,Land Forme,"['BdSp', 'SV']"
492,Shaymin,Sky Forme,"['BdSp', 'LA', 'SV']"
493,Arceus,,"['DPPt', 'OrAs', 'UsUm', 'BdSp', 'LA', 'SV']"
494,Victini,,"['BW', 'XY', 'OrAs', 'SM', 'SwSh']"
495,Snivy,,"['BW', 'B2W2', 'OrAs', 'SM', 'SV']"
496,Servine,,"['BW', 'B2W2', 'OrAs', 'SM', 'SV']"
497,Serperior,,"['BW', 'B2W2', 'OrAs', 'SM', 'SV']"
498,Tepig,,"['BW', 'B2W2', 'OrAs', 'SM', 'ZA', 'SV']"
499,Pignite,,"['BW', 'B2W2', 'OrAs', 'SM', 'ZA', 'SV']"
500,Emboar,,"['BW', 'B2W2', 'OrAs', 'SM', 'ZA', 'SV']"
501,Oshawott,,"['BW', 'B2W2', 'OrAs', 'SM', 'LA', 'SV']"
502,Dewott,,"['BW', 'B2W2', 'OrAs', 'SM', 'LA', 'SV']"
503,Samurott,,"['BW', 'B2W2', 'OrAs', 'SM', 'SV']"
503,Samurott,Hisuian,"['LA', 'SV']"
504,Patrat,,"['BW', 'B2W2', 'XY', 'ZA']"
505,Watchog,,"['BW', 'B2W2', 'XY', 'ZA']"
506,Lillipup,,"['BW', 'B2W2', 'XY', 'OrAs', 'SM', 'UsUm', 'SwSh']"
507,Herdier,,"['BW', 'B2W2', 'XY', 'OrAs', 'SM', 'UsUm', 'SwSh']"
508,Stoutland,,"['BW', 'B2W2', 'XY', 'OrAs', 'SM', 'UsUm', 'SwSh']"
509,Purrloin,,"['BW', 'B2W2', 'XY', 'SwSh', 'ZA']"
510,Liepard,,"['BW', 'B2W2', 'XY', 'SwSh', 'ZA']"
511,Pansage,,"['BW', 'B2W2', 'XY', 'ZA']"
512,Simisage,,"['BW', 'B2W2', 'XY', 'ZA']"
513,Pansear,,"['BW', 'B2W2', 'XY', 'ZA']"
514,Simisear,,"['BW', 'B2W2', 'XY', 'ZA']"
515,Panpour,,"['BW', 'B2W2', 'XY', 'ZA']"
516,Simipour,,"['BW', 'B2W2', 'XY', 'ZA']"
517,Munna,,"['BW', 'B2W2', 'XY', 'OrAs', 'SwSh', 'ZA']"
518,Musharna,,"['BW', 'B2W2', 'XY', 'OrAs', 'SwSh', 'ZA']"
519,Pidove,,"['BW', 'B2W2', 'XY', 'OrAs', 'SwSh']"
520,Tranquill,,"['BW', 'B2W2', 'XY', 'OrAs', 'SwSh']"
521,Unfezant,,"['BW', 'B2W2', 'XY', 'OrAs', 'SwSh']"
522,Blitzle,,"['BW', 'B2W2', 'XY', 'OrAs', 'SV']"
523,Zebstrika,,"['BW', 'B2W2', 'XY', 'OrAs', 'SV']"
524,Roggenrola,,"['BW', 'B2W2', 'XY', 'OrAs', 'SM', 'UsUm', 'SwSh']"
525,Boldore,,"['BW', 'B2W2', 'XY', 'OrAs', 'SM', 'UsUm', 'SwSh']"
526,Gigalith,,"['BW', 'B2W2', 'XY', 'OrAs', 'SM', 'UsUm', 'SwSh']"
527,Woobat,,"['BW', 'B2W2', 'XY', 'SwSh']"
528,Swoobat,,"['BW', 'B2W2', 'XY', 'SwSh']"
529,Drilbur,,"['BW', 'B2W2', 'XY', 'OrAs', 'SwSh', 'ZA', 'SV']"
530,Excadrill,,"['BW', 'B2W2', 'XY', 'OrAs', 'SwSh', 'ZA', 'SV']"
531,Audino,,"['BW', 'B2W2', 'XY', 'OrAs', 'UsUm', 'SwSh', 'ZA']"
532,Timburr,,"['BW', 'B2W2', 'XY', 'OrAs', 'SM', 'SwSh', 'SV']"
533,Gurdurr,,"['BW', 'B2W2', 'XY', 'OrAs', 'SM', 'SwSh', 'SV']"
534,Conkeldurr,,"['BW', 'B2W2', 'XY', 'OrAs', 'SM', 'SwSh', 'SV']"
535,Tympole,,"['BW', 'B2W2', 'XY', 'OrAs', 'SwSh']"
536,Palpitoad,,"['BW', 'B2W2', 'XY', 'OrAs', 'SwSh']"
537,Seismitoad,,"['BW', 'B2W2', 'XY', 'OrAs', 'SwSh']"
538,Throh,,"['BW', 'B2W2', 'XY', 'OrAs', 'SwSh', 'ZA']"
539,Sawk,,"['BW', 'B2W2', 'XY', 'OrAs', 'SwSh', 'ZA']"
540,Sewaddle,,"['BW', 'B2W2', 'XY', 'OrAs', 'SM', 'UsUm', 'SV']"
541,Swadloon,,"['BW', 'B2W2', 'XY', 'OrAs', 'SM', 'UsUm', 'SV']"
542,Leavanny,,"['BW', 'B2W2', 'XY', 'OrAs', 'SM', 'UsUm', 'SV']"
543,Venipede,,"['BW', 'B2W2', 'XY', 'SM', 'SwSh', 'ZA']"
544,Whirlipede,,"['BW', 'B2W2', 'XY', 'SM', 'SwSh', 'ZA']"
545,Scolipede,,"['BW', 'B2W2', 'XY', 'SM', 'SwSh', 'ZA']"
546,Cottonee,,"['BW', 'B2W2', 'OrAs', 'SM', 'UsUm', 'SwSh', 'SV']"
547,Whimsicott,,"['BW', 'B2W2', 'OrAs', 'SM', 'UsUm', 'SwSh', 'SV']"
548,Petilil,,"['BW', 'B2W2', 'XY', 'OrAs', 'SM', 'UsUm', 'LA', 'SwSh', 'SV']"
549,Lilligant,,"['BW', 'B2W2', 'XY', 'OrAs', 'SM', 'UsUm', 'SwSh', 'SV']"
549,Lilligant,Hisuian,"['LA', 'SV']"
550,Basculin,,"['BW', 'B2W2', 'XY', 'UsUm', 'LA', 'SwSh', 'SV']"
550,Basculin,White Striped Form,['SV']
551,Sandile,,"['BW', 'B2W2', 'XY', 'OrAs', 'SM', 'UsUm', 'SwSh', 'ZA', 'SV']"
552,Krokorok,,"['BW', 'B2W2', 'XY', 'OrAs', 'SM', 'UsUm', 'SwSh', 'ZA', 'SV']"
553,Krookodile,,"['BW', 'B2W2', 'XY', 'OrAs', 'SM', 'UsUm', 'SwSh', 'ZA', 'SV']"
554,Darumaka,,"['BW', 'B2W2', 'OrAs', 'SwSh']"
554,Darumaka,Galarian,['SwSh']
555,Darmanitan,,"['BW', 'B2W2', 'OrAs', 'SwSh', 'SwSh']"
555,Darmanitan,Galarian,['SwSh']
556,Maractus,,"['BW', 'B2W2', 'XY', 'OrAs', 'SwSh']"
557,Dwebble,,"['BW', 'B2W2', 'XY', 'OrAs', 'UsUm', 'SwSh']"
558,Crustle,,"['BW', 'B2W2', 'XY', 'OrAs', 'UsUm', 'SwSh']"
559,Scraggy,,"['BW', 'B2W2', 'XY', 'OrAs', 'UsUm', 'SwSh', 'ZA', 'SV']"
560,Scrafty,,"['BW', 'B2W2', 'XY', 'OrAs', 'UsUm', 'SwSh', 'ZA', 'SV']"
561,Sigilyph,,"['BW', 'B2W2', 'XY', 'UsUm', 'SwSh']"
562,Yamask,,"['BW', 'B2W2', 'OrAs', 'SwSh', 'ZA']"
562,Yamask,Galarian,"['SwSh', 'ZA']"
563,Cofagrigus,,"['BW', 'B2W2', 'OrAs', 'SwSh', 'ZA']"
564,Tirtouga,,"['BW', 'B2W2', 'XY', 'OrAs', 'SM', 'UsUm', 'SwSh']"
565,Carracosta,,"['BW', 'B2W2', 'XY', 'OrAs', 'SM', 'UsUm', 'SwSh']"
566,Archen,,"['BW', 'B2W2', 'XY', 'OrAs', 'SM', 'UsUm', 'SwSh']"
567,Archeops,,"['BW', 'B2W2', 'XY', 'OrAs', 'SM', 'UsUm', 'SwSh']"
568,Trubbish,,"['BW', 'B2W2', 'XY', 'OrAs', 'SM', 'UsUm', 'SwSh', 'ZA']"
569,Garbodor,,"['BW', 'B2W2', 'XY', 'OrAs', 'SM', 'UsUm', 'SwSh', 'ZA']"
570,Zorua,,"['BW', 'B2W2', 'XY', 'OrAs', 'UsUm', 'SwSh', 'SV']"
570,Zorua,Hisuian,"['LA', 'SV']"
571,Zoroark,,"['BW', 'B2W2', 'XY', 'OrAs', 'UsUm', 'SwSh', 'SV']"
571,Zoroark,Hisuian,"['LA', 'SV']"
572,Minccino,,"['BW', 'B2W2', 'XY', 'OrAs', 'UsUm', 'SwSh', 'SV']"
573,Cinccino,,"['BW', 'B2W2', 'XY', 'OrAs', 'UsUm', 'SwSh', 'SV']"
574,Gothita,,"['BW', 'B2W2', 'XY', 'OrAs', 'SM', 'SwSh', 'SV']"
575,Gothorita,,"['BW', 'B2W2', 'XY', 'OrAs', 'SM', 'SwSh', 'SV']"
576,Gothitelle,,"['BW', 'B2W2', 'XY', 'OrAs', 'SM', 'SwSh', 'SV']"
577,Solosis,,"['BW', 'B2W2', 'XY', 'SM', 'SwSh', 'SV']"
578,Duosion,,"['BW', 'B2W2', 'XY', 'SM', 'SwSh', 'SV']"
579,Reuniclus,,"['BW', 'B2W2', 'XY', 'SM', 'SwSh', 'SV']"
580,Ducklett,,"['BW', 'B2W2', 'XY', 'UsUm', 'SV']"
581,Swanna,,"['BW', 'B2W2', 'XY', 'UsUm', 'SV']"
582,Vanillite,,"['BW', 'B2W2', 'XY', 'SM', 'UsUm', 'SwSh', 'ZA']"
583,Vanillish,,"['BW', 'B2W2', 'XY', 'SM', 'UsUm', 'SwSh', 'ZA']"
584,Vanilluxe,,"['BW', 'B2W2', 'XY', 'SM', 'UsUm', 'SwSh', 'ZA']"
585,Deerling,,"['BW', 'B2W2', 'XY', 'OrAs', 'SV']"
586,Sawsbuck,,"['BW', 'B2W2', 'XY', 'OrAs', 'SV']"
587,Emolga,,"['BW', 'B2W2', 'XY', 'SM', 'UsUm', 'SwSh', 'ZA']"
588,Karrablast,,"['BW', 'B2W2', 'XY', 'SwSh']"
589,Escavalier,,"['BW', 'B2W2', 'XY', 'SwSh']"
590,Foongus,,"['BW', 'B2W2', 'XY', 'SwSh', 'ZA', 'SV']"
591,Amoonguss,,"['BW', 'B2W2', 'XY', 'SwSh', 'ZA', 'SV']"
592,Frillish,,"['BW', 'B2W2', 'OrAs', 'UsUm', 'SwSh']"
593,Jellicent,,"['BW', 'B2W2', 'OrAs', 'UsUm', 'SwSh']"
594,Alomomola,,"['BW', 'B2W2', 'XY', 'OrAs', 'SM', 'UsUm', 'SV']"
595,Joltik,,"['BW', 'B2W2', 'XY', 'OrAs', 'SwSh', 'SV']"
596,Galvantula,,"['BW', 'B2W2', 'XY', 'OrAs', 'SwSh', 'SV']"
597,Ferroseed,,"['BW', 'B2W2', 'XY', 'SwSh']"
598,Ferrothorn,,"['BW', 'B2W2', 'XY', 'SwSh']"
599,Klink,,"['BW', 'B2W2', 'XY', 'OrAs', 'SM', 'SwSh']"
600,Klang,,"['BW', 'B2W2', 'XY', 'OrAs', 'SM', 'SwSh']"
601,Klinklang,,"['BW', 'B2W2', 'XY', 'OrAs', 'SM', 'SwSh']"
602,Tynamo,,"['BW', 'B2W2', 'OrAs', 'SM', 'UsUm', 'ZA', 'SV']"
603,Eelektrik,,"['BW', 'B2W2', 'OrAs', 'SM', 'UsUm', 'ZA', 'SV']"
604,Eelektross,,"['BW', 'B2W2', 'OrAs', 'SM', 'UsUm', 'ZA', 'SV']"
605,Elgyem,,"['BW', 'B2W2', 'OrAs', 'UsUm', 'SwSh']"
606,Beheeyem,,"['BW', 'B2W2', 'OrAs', 'UsUm', 'SwSh']"
607,Litwick,,"['BW', 'B2W2', 'XY', 'SM', 'UsUm', 'SwSh', 'ZA', 'SV']"
608,Lampent,,"['BW', 'B2W2', 'XY', 'SM', 'UsUm', 'SwSh', 'ZA', 'SV']"
609,Chandelure,,"['BW', 'B2W2', 'XY', 'SM', 'UsUm', 'SwSh', 'ZA', 'SV']"
610,Axew,,"['BW', 'B2W2', 'XY', 'OrAs', 'SM', 'UsUm', 'SwSh', 'SV']"
611,Fraxure,,"['BW', 'B2W2', 'XY', 'OrAs', 'SM', 'UsUm', 'SwSh', 'SV']"
612,Haxorus,,"['BW', 'B2W2', 'XY', 'OrAs', 'SM', 'UsUm', 'SwSh', 'SV']"
613,Cubchoo,,"['BW', 'B2W2', 'XY', 'OrAs', 'SwSh', 'SV']"
614,Beartic,,"['BW', 'B2W2', 'XY', 'OrAs', 'SwSh', 'SV']"
615,Cryogonal,,"['BW', 'B2W2', 'XY', 'SwSh', 'ZA', 'SV']"
616,Shelmet,,"['BW', 'B2W2', 'XY', 'SwSh']"
617,Accelgor,,"['BW', 'B2W2', 'XY', 'SwSh']"
618,Stunfisk,,"['BW', 'B2W2', 'XY', 'UsUm', 'SwSh', 'ZA']"
618,Stunfisk,Galarian,"['SwSh', 'ZA']"
619,Mienfoo,,"['BW', 'B2W2', 'XY', 'UsUm', 'SwSh', 'SV']"
620,Mienshao,,"['BW', 'B2W2', 'XY', 'UsUm', 'SwSh', 'SV']"
621,Druddigon,,"['BW', 'B2W2', 'XY', 'OrAs', 'UsUm', 'SwSh']"
622,Golett,,"['BW', 'B2W2', 'XY', 'UsUm', 'SwSh', 'ZA', 'SV']"
623,Golurk,,"['BW', 'B2W2', 'XY', 'UsUm', 'SwSh', 'ZA', 'SV']"
624,Pawniard,,"['BW', 'B2W2', 'XY', 'UsUm', 'SwSh', 'SV']"
625,Bisharp,,"['BW', 'B2W2', 'XY', 'UsUm', 'SwSh', 'SV']"
626,Bouffalant,,"['BW', 'B2W2', 'OrAs', 'SwSh']"
627,Rufflet,,"['BW', 'B2W2', 'XY', 'OrAs', 'SM', 'UsUm', 'LA', 'SwSh', 'SV']"
628,Braviary,,"['BW', 'B2W2', 'XY', 'OrAs', 'SM', 'UsUm', 'SwSh', 'SV']"
628,Braviary,Hisuian,"['LA', 'SV']"
629,Vullaby,,"['BW', 'B2W2', 'XY', 'OrAs', 'SM', 'UsUm', 'SwSh', 'SV']"
630,Mandibuzz,,"['BW', 'B2W2', 'XY', 'OrAs', 'SM', 'UsUm', 'SwSh', 'SV']"
631,Heatmor,,"['BW', 'B2W2', 'XY', 'SwSh']"
632,Durant,,"['BW', 'B2W2', 'XY', 'SwSh']"
633,Deino,,"['BW', 'B2W2', 'XY', 'OrAs', 'SM', 'SwSh', 'SV']"
634,Zweilous,,"['BW', 'B2W2', 'XY', 'OrAs', 'SM', 'SwSh', 'SV']"
635,Hydreigon,,"['BW', 'B2W2', 'XY', 'OrAs', 'SM', 'SwSh', 'SV']"
636,Larvesta,,"['BW', 'B2W2', 'XY', 'OrAs', 'UsUm', 'SwSh', 'SV']"
637,Volcarona,,"['BW', 'B2W2', 'XY', 'OrAs', 'UsUm', 'SwSh', 'SV']"
638,Cobalion,,"['BW', 'B2W2', 'OrAs', 'UsUm', 'SwSh', 'ZA', 'SV']"
639,Terrakion,,"['BW', 'B2W2', 'OrAs', 'UsUm', 'SwSh', 'ZA', 'SV']"
640,Virizion,,"['BW', 'B2W2', 'OrAs', 'UsUm', 'SwSh', 'ZA', 'SV']"
641,Tornadus,,"['BW', 'OrAs', 'SM', 'UsUm', 'LA', 'SwSh', 'SV']"
641,Tornadus,Therian Forme,"['LA', 'SwSh', 'SV']"
642,Thundurus,,"['BW', 'OrAs', 'SM', 'UsUm', 'LA', 'SwSh', 'SV']"
642,Thundurus,Therian Forme,"['LA', 'SwSh', 'SV']"
643,Reshiram,,"['BW', 'B2W2', 'OrAs', 'SM', 'UsUm', 'SwSh', 'SV']"
644,Zekrom,,"['BW', 'B2W2', 'OrAs', 'SM', 'UsUm', 'SwSh', 'SV']"
645,Landorus,,"['BW', 'OrAs', 'UsUm', 'LA', 'SV']"
645,Landorus,Therian Forme,"['LA', 'SwSh', 'SV']"
646,Black Kyurem,,['SV']
646,Kyurem,,"['BW', 'B2W2', 'XY', 'OrAs', 'UsUm', 'SwSh', 'SV']"
646,White Kyurem,,['SV']
647,Keldeo,,"['BW', 'B2W2', 'XY', 'OrAs', 'SwSh', 'ZA', 'SV']"
647,Keldeo,Resolute Form,"['SwSh', 'ZA']"
648,Meloetta,,"['BW', 'B2W2', 'XY', 'OrAs', 'SM', 'UsUm', 'ZA', 'SV']"
649,Genesect,,"['BW', 'B2W2', 'XY', 'OrAs', 'SwSh', 'ZA']"
650,Chespin,,"['XY', 'UsUm', 'ZA', 'SV']"
651,Quilladin,,"['XY', 'UsUm', 'ZA', 'SV']"
652,Chesnaught,,"['XY', 'UsUm', 'ZA', 'SV']"
653,Fennekin,,"['XY', 'UsUm', 'ZA', 'SV']"
654,Braixen,,"['XY', 'UsUm', 'ZA', 'SV']"
655,Delphox,,"['XY', 'UsUm', 'ZA', 'SV']"
656,Froakie,,"['XY', 'UsUm', 'ZA', 'SV']"
657,Frogadier,,"['XY', 'UsUm', 'ZA', 'SV']"
658,Greninja,,"['XY', 'UsUm', 'ZA', 'SV']"
659,Bunnelby,,"['XY', 'SwSh', 'ZA']"
660,Diggersby,,"['XY', 'SwSh', 'ZA']"
661,Fletchling,,"['XY', 'SM', 'UsUm', 'SwSh', 'ZA', 'SV']"
662,Fletchinder,,"['XY', 'SM', 'UsUm', 'SwSh', 'ZA', 'SV']"
663,Talonflame,,"['XY', 'SM', 'UsUm', 'SwSh', 'ZA', 'SV']"
664,Scatterbug,,"['XY', 'UsUm', 'ZA', 'SV']"
665,Spewpa,,"['XY', 'UsUm', 'ZA', 'SV']"
666,Vivillon,,"['XY', 'UsUm', 'ZA', 'SV']"
667,Litleo,,"['XY', 'UsUm', 'ZA', 'SV']"
668,Pyroar,,"['XY', 'UsUm', 'ZA', 'SV']"
669,Flabebe,,"['ZA', 'SV']"
669,Flabébé,,"['XY', 'UsUm']"
670,Floette,,"['XY', 'UsUm', 'ZA', 'SV']"
670,Floette,Eternal,['ZA']
671,Florges,,"['XY', 'UsUm', 'ZA', 'SV']"
672,Skiddo,,"['XY', 'ZA', 'SV']"
673,Gogoat,,"['XY', 'ZA', 'SV']"
674,Pancham,,"['XY', 'SM', 'UsUm', 'SwSh', 'ZA']"
675,Pangoro,,"['XY', 'SM', 'UsUm', 'SwSh', 'ZA']"
676,Furfrou,,"['XY', 'UsUm', 'ZA']"
677,Espurr,,"['XY', 'SwSh', 'ZA', 'SV']"
678,Meowstic,,"['XY', 'SwSh', 'ZA', 'SV']"
678,Meowstic,Male,['SV']
679,Honedge,,"['XY', 'SM', 'UsUm', 'SwSh', 'ZA']"
680,Doublade,,"['XY', 'SM', 'UsUm', 'SwSh', 'ZA']"
681,Aegislash,,"['XY', 'SM', 'UsUm', 'SwSh', 'SwSh', 'ZA']"
682,Spritzee,,"['XY', 'SwSh', 'ZA']"
683,Aromatisse,,"['XY', 'SwSh', 'ZA']"
684,Swirlix,,"['XY', 'SwSh', 'ZA']"
685,Slurpuff,,"['XY', 'SwSh', 'ZA']"
686,Inkay,,"['XY', 'UsUm', 'SwSh', 'ZA', 'SV']"
687,Malamar,,"['XY', 'UsUm', 'SwSh', 'ZA', 'SV']"
688,Binacle,,"['XY', 'OrAs', 'UsUm', 'SwSh', 'ZA']"
689,Barbaracle,,"['XY', 'OrAs', 'UsUm', 'SwSh', 'ZA']"
690,Skrelp,,"['XY', 'OrAs', 'UsUm', 'SwSh', 'ZA', 'SV']"
691,Dragalge,,"['XY', 'OrAs', 'UsUm', 'SwSh', 'ZA', 'SV']"
692,Clauncher,,"['XY', 'OrAs', 'UsUm', 'SwSh', 'ZA', 'SV']"
693,Clawitzer,,"['XY', 'OrAs', 'UsUm', 'SwSh', 'ZA', 'SV']"
694,Helioptile,,"['XY', 'UsUm', 'SwSh', 'ZA']"
695,Heliolisk,,"['XY', 'UsUm', 'SwSh', 'ZA']"
696,Tyrunt,,"['XY', 'UsUm', 'SwSh', 'ZA']"
697,Tyrantrum,,"['XY', 'UsUm', 'SwSh', 'ZA']"
698,Amaura,,"['XY', 'UsUm', 'SwSh', 'ZA']"
699,Aurorus,,"['XY', 'UsUm', 'SwSh', 'ZA']"
700,Sylveon,,"['XY', 'OrAs', 'SM', 'UsUm', 'LA', 'SwSh', 'ZA', 'SV']"
701,Hawlucha,,"['XY', 'UsUm', 'SwSh', 'ZA', 'SV']"
702,Dedenne,,"['XY', 'UsUm', 'SwSh', 'ZA', 'SV']"
703,Carbink,,"['XY', 'SM', 'UsUm', 'SwSh', 'ZA', 'SV']"
704,Goomy,,"['XY', 'SM', 'UsUm', 'LA', 'SwSh', 'ZA', 'SV']"
705,Sliggoo,,"['XY', 'SM', 'UsUm', 'SwSh', 'ZA', 'SV']"
705,Sliggoo,Hisuian,"['LA', 'ZA', 'SV']"
706,Goodra,,"['XY', 'SM', 'UsUm', 'SwSh', 'ZA', 'SV']"
706,Goodra,Hisuian,"['LA', 'ZA', 'SV']"
707,Klefki,,"['XY', 'OrAs', 'SM', 'UsUm', 'SwSh', 'ZA', 'SV']"
708,Phantump,,"['XY', 'OrAs', 'SM', 'UsUm', 'SwSh', 'ZA', 'SV']"
709,Trevenant,,"['XY', 'OrAs', 'SM', 'UsUm', 'SwSh', 'ZA', 'SV']"
710,Pumpkaboo,,"['XY', 'SwSh', 'ZA']"
711,Gourgeist,,"['XY', 'SwSh']"
712,Bergmite,,"['XY', 'LA', 'SwSh', 'ZA', 'SV']"
713,Avalugg,,"['XY', 'SwSh', 'ZA', 'SV']"
713,Avalugg,Hisuian,"['LA', 'ZA', 'SV']"
714,Noibat,,"['XY', 'UsUm', 'SwSh', 'ZA', 'SV']"
715,Noivern,,"['XY', 'UsUm', 'SwSh', 'ZA', 'SV']"
716,Xerneas,,"['XY', 'OrAs', 'SM', 'UsUm', 'SwSh', 'ZA']"
717,Yveltal,,"['XY', 'OrAs', 'SM', 'UsUm', 'SwSh', 'ZA']"
718,Zygarde,,"['XY', 'OrAs', 'SM', 'UsUm', 'SwSh', 'SwSh', 'ZA']"
719,Diancie,,"['XY', 'OrAs', 'SwSh', 'ZA', 'SV']"
720,Hoopa,,"['XY', 'OrAs', 'SM', 'UsUm', 'ZA', 'SV']"
721,Volcanion,,"['XY', 'OrAs', 'SwSh', 'ZA', 'SV']"
722,Rowlet,,"['SM', 'UsUm', 'LA', 'SwSh', 'SV']"
723,Dartrix,,"['SM', 'UsUm', 'LA', 'SwSh', 'SV']"
724,Decidueye,,"['SM', 'UsUm', 'SwSh', 'SV']"
724,Decidueye,Hisuian,"['LA', 'SV']"
725,Litten,,"['SM', 'UsUm', 'SwSh', 'SV']"
726,Torracat,,"['SM', 'UsUm', 'SwSh', 'SV']"
727,Incineroar,,"['SM', 'UsUm', 'SwSh', 'SV']"
728,Popplio,,"['SM', 'UsUm', 'SwSh', 'SV']"
729,Brionne,,"['SM', 'UsUm', 'SwSh', 'SV']"
730,Primarina,,"['SM', 'UsUm', 'SwSh', 'SV']"
731,Pikipek,,"['SM', 'UsUm', 'SV']"
732,Trumbeak,,"['SM', 'UsUm', 'SV']"
733,Toucannon,,"['SM', 'UsUm', 'SV']"
734,Yungoos,,"['SM', 'UsUm', 'SV']"
735,Gumshoos,,"['SM', 'UsUm', 'SV']"
736,Grubbin,,"['SM', 'UsUm', 'SwSh', 'SV']"
737,Charjabug,,"['SM', 'UsUm', 'SwSh', 'SV']"
738,Vikavolt,,"['SM', 'UsUm', 'SwSh', 'SV']"
739,Crabrawler,,"['SM', 'UsUm', 'ZA', 'SV']"
740,Crabominable,,"['SM', 'UsUm', 'ZA', 'SV']"
741,Oricorio,,"['SM', 'UsUm']"
741,Oricorio,Baile Style,['SV']
741,Oricorio,Pa'u Style,['SV']
741,Oricorio,Pom-Pom Style,['SV']
741,Oricorio,Sensu Style,['SV']
742,Cutiefly,,"['SM', 'UsUm', 'SwSh', 'SV']"
743,Ribombee,,"['SM', 'UsUm', 'SwSh', 'SV']"
744,Rockruff,,"['SM', 'UsUm', 'SwSh', 'SV']"
745,Lycanroc,,"['SM', 'UsUm']"
745,Lycanroc,Dusk Form,"['SwSh', 'SV']"
745,Lycanroc,Midday Form,"['SwSh', 'SV']"
745,Lycanroc,Midnight Form,"['SwSh', 'SV']"
746,Wishiwashi,,"['SM', 'UsUm', 'SwSh', 'SwSh']"
747,Mareanie,,"['SM', 'UsUm', 'SwSh', 'SV']"
748,Toxapex,,"['SM', 'UsUm', 'SwSh', 'SV']"
749,Mudbray,,"['SM', 'UsUm', 'SwSh', 'SV']"
750,Mudsdale,,"['SM', 'UsUm', 'SwSh', 'SV']"
751,Dewpider,,"['SM', 'UsUm', 'SwSh', 'SV']"
752,Araquanid,,"['SM', 'UsUm', 'SwSh', 'SV']"
753,Fomantis,,"['SM', 'UsUm', 'SwSh', 'SV']"
754,Lurantis,,"['SM', 'UsUm', 'SwSh', 'SV']"
755,Morelull,,"['SM', 'UsUm', 'SwSh']"
756,Shiinotic,,"['SM', 'UsUm', 'SwSh']"
757,Salandit,,"['SM', 'UsUm', 'SwSh', 'SV']"
758,Salazzle,,"['SM', 'UsUm', 'SwSh', 'SV']"
759,Stufful,,"['SM', 'UsUm', 'SwSh']"
760,Bewear,,"['SM', 'UsUm', 'SwSh']"
761,Bounsweet,,"['SM', 'UsUm', 'SwSh', 'SV']"
762,Steenee,,"['SM', 'UsUm', 'SwSh', 'SV']"
763,Tsareena,,"['SM', 'UsUm', 'SwSh', 'SV']"
764,Comfey,,"['SM', 'UsUm', 'SwSh', 'SV']"
765,Oranguru,,"['SM', 'UsUm', 'SwSh', 'SV']"
766,Passimian,,"['SM', 'UsUm', 'SwSh', 'SV']"
767,Wimpod,,"['SM', 'UsUm', 'SwSh', 'ZA']"
768,Golisopod,,"['SM', 'UsUm', 'SwSh', 'ZA']"
769,Sandygast,,"['SM', 'UsUm', 'SwSh', 'ZA', 'SV']"
770,Palossand,,"['SM', 'UsUm', 'SwSh', 'ZA', 'SV']"
771,Pyukumuku,,"['SM', 'UsUm', 'SwSh']"
772,Type: Null,,"['SM', 'UsUm', 'SwSh']"
773,Silvally,,"['SM', 'UsUm', 'SwSh']"
774,Minior,,"['SM', 'UsUm', 'SV']"
775,Komala,,"['SM', 'UsUm', 'SV']"
776,Turtonator,,"['SM', 'UsUm', 'SwSh']"
777,Togedemaru,,"['SM', 'UsUm', 'SwSh']"
778,Mimikyu,,"['SM', 'UsUm', 'SwSh', 'ZA', 'SV']"
779,Bruxish,,"['SM', 'UsUm', 'SV']"
780,Drampa,,"['SM', 'UsUm', 'SwSh', 'ZA']"
781,Dhelmise,,"['SM', 'UsUm', 'SwSh']"
782,Jangmo-o,,"['SM', 'UsUm', 'SwSh', 'SV']"
783,Hakamo-o,,"['SM', 'UsUm', 'SwSh', 'SV']"
784,Kommo-o,,"['SM', 'UsUm', 'SwSh', 'SV']"
785,Tapu Koko,,"['SM', 'UsUm', 'SwSh']"
786,Tapu Lele,,"['SM', 'UsUm', 'SwSh']"
787,Tapu Bulu,,"['SM', 'UsUm', 'SwSh']"
788,Tapu Fini,,"['SM', 'UsUm', 'SwSh']"
789,Cosmog,,"['SM', 'UsUm', 'SwSh', 'SV']"
790,Cosmoem,,"['SM', 'UsUm', 'SwSh', 'SV']"
791,Solgaleo,,"['SM', 'UsUm', 'SwSh', 'SV']"
792,Lunala,,"['SM', 'UsUm', 'SwSh', 'SV']"
793,Nihilego,,"['SM', 'UsUm', 'SwSh']"
794,Buzzwole,,"['SM', 'UsUm', 'SwSh']"
795,Pheromosa,,"['SM', 'UsUm', 'SwSh']"
796,Xurkitree,,"['SM', 'UsUm', 'SwSh']"
797,Celesteela,,"['SM', 'UsUm', 'SwSh']"
798,Kartana,,"['SM', 'UsUm', 'SwSh']"
799,Guzzlord,,"['SM', 'UsUm', 'SwSh']"
800,Necrozma,,"['SM', 'UsUm', 'SwSh', 'SV']"
800,Necrozma,Dawn Wings,['SV']
800,Necrozma,Dusk Mane,['SV']
801,Magearna,,"['SM', 'UsUm', 'SwSh', 'ZA', 'SV']"
802,Marshadow,,"['SM', 'UsUm', 'SwSh', 'ZA']"
803,Poipole,,"['UsUm', 'SwSh']"
804,Naganadel,,"['UsUm', 'SwSh']"
805,Stakataka,,"['UsUm', 'SwSh']"
806,Blacephalon,,"['UsUm', 'SwSh']"
807,Zeraora,,"['UsUm', 'SwSh', 'ZA']"
808,Meltan,,"['PE', 'SwSh', 'ZA']"
809,Melmetal,,"['PE', 'SwSh', 'ZA']"
810,Grookey,,"['SwSh', 'SV']"
811,Thwackey,,"['SwSh', 'SV']"
812,Rillaboom,,"['SwSh', 'SV']"
813,Scorbunny,,"['SwSh', 'SV']"
814,Raboot,,"['SwSh', 'SV']"
815,Cinderace,,"['SwSh', 'SV']"
816,Sobble,,"['SwSh', 'SV']"
817,Drizzile,,"['SwSh', 'SV']"
818,Inteleon,,"['SwSh', 'SV']"
819,Skwovet,,"['SwSh', 'SV']"
820,Greedent,,"['SwSh', 'SV']"
821,Rookidee,,"['SwSh', 'ZA', 'SV']"
822,Corvisquire,,"['SwSh', 'ZA', 'SV']"
823,Corviknight,,"['SwSh', 'ZA', 'SV']"
824,Blipbug,,['SwSh']
825,Dottler,,['SwSh']
826,Orbeetle,,['SwSh']
827,Nickit,,"['SwSh', 'ZA']"
828,Thievul,,"['SwSh', 'ZA']"
829,Gossifleur,,['SwSh']
830,Eldegoss,,['SwSh']
831,Wooloo,,['SwSh']
832,Dubwool,,['SwSh']
833,Chewtle,,"['SwSh', 'SV']"
834,Drednaw,,"['SwSh', 'SV']"
835,Yamper,,['SwSh']
836,Boltund,,['SwSh']
837,Rolycoly,,"['SwSh', 'SV']"
838,Carkol,,"['SwSh', 'SV']"
839,Coalossal,,"['SwSh', 'SV']"
840,Applin,,"['SwSh', 'SV']"
841,Flapple,,"['SwSh', 'SV']"
842,Appletun,,"['SwSh', 'SV']"
843,Silicobra,,"['SwSh', 'SV']"
844,Sandaconda,,"['SwSh', 'SV']"
845,Cramorant,,"['SwSh', 'SV']"
846,Arrokuda,,"['SwSh', 'SV']"
847,Barraskewda,,"['SwSh', 'SV']"
848,Toxel,,"['SwSh', 'ZA', 'SV']"
849,Toxtricity,,['SwSh']
849,Toxtricity,Amped Form,"['ZA', 'SV']"
849,Toxtricity,Low Key Form,"['ZA', 'SV']"
850,Sizzlipede,,['SwSh']
851,Centiskorch,,['SwSh']
852,Clobbopus,,"['SwSh', 'ZA']"
853,Grapploct,,"['SwSh', 'ZA']"
854,Sinistea,,"['SwSh', 'SV']"
855,Polteageist,,"['SwSh', 'SV']"
856,Hatenna,,"['SwSh', 'SV']"
857,Hattrem,,"['SwSh', 'SV']"
858,Hatterene,,"['SwSh', 'SV']"
859,Impidimp,,"['SwSh', 'SV']"
860,Morgrem,,"['SwSh', 'SV']"
861,Grimmsnarl,,"['SwSh', 'SV']"
862,Obstagoon,,['SwSh']
863,Perrserker,,"['SwSh', 'ZA', 'SV']"
864,Cursola,,['SwSh']
865,Sirfetch'd,,"['SwSh', 'ZA']"
866,Mr. Rime,,['ZA']
867,Runerigus,,"['SwSh', 'ZA']"
868,Milcery,,"['SwSh', 'SV']"
869,Alcremie,,"['SwSh', 'SV']"
870,Falinks,,"['SwSh', 'ZA', 'SV']"
871,Pincurchin,,"['SwSh', 'SV']"
872,Snom,,"['SwSh', 'SV']"
873,Frosmoth,,"['SwSh', 'SV']"
874,Stonjourner,,"['SwSh', 'SV']"
875,Eiscue,,"['SwSh', 'SwSh', 'SV']"
876,Indeedee,,"['SwSh', 'SwSh', 'ZA', 'SV']"
876,Indeedee,Male,['SV']
877,Morpeko,,"['SwSh', 'ZA', 'SV']"
878,Cufant,,"['SwSh', 'SV']"
879,Copperajah,,"['SwSh', 'SV']"
880,Dracozolt,,['SwSh']
881,Arctozolt,,['SwSh']
882,Dracovish,,['SwSh']
883,Arctovish,,['SwSh']
884,Duraludon,,"['SwSh', 'SV']"
885,Dreepy,,"['SwSh', 'SV']"
886,Drakloak,,"['SwSh', 'SV']"
886,Mr. Rime,,['SwSh']
887,Dragapult,,"['SwSh', 'SV']"
888,Zacian,,"['SwSh', 'SwSh', 'SV']"
889,Zamazenta,,"['SwSh', 'SwSh', 'SV']"
890,Eternatus,,"['SwSh', 'SV']"
891,Kubfu,,"['SwSh', 'SV']"
892,Urshifu,Rapid-Strike Style,"['SwSh', 'SV']"
892,Urshifu,Single-Strike Style,"['SwSh', 'SV']"
893,Zarude,,"['SwSh', 'SV']"
894,Regieleki,,"['SwSh', 'SV']"
895,Regidrago,,"['SwSh', 'SV']"
896,Glastrier,,"['SwSh', 'SV']"
897,Spectrier,,"['SwSh', 'SV']"
898,Calyrex,,"['SwSh', 'SV']"
898,Calyrex,Ice Rider,"['SwSh', 'SV']"
898,Calyrex,Shadow Rider,"['SwSh', 'SV']"
899,Wyrdeer,,"['LA', 'SV']"
900,Kleavor,,"['LA', 'ZA', 'SV']"
901,Bloodmoon Ursaluna,,['SV']
901,Ursaluna,,"['LA', 'SV']"
902,Basculegion,,"['LA', 'SV']"
902,Basculegion,Female,['LA']
902,Basculegion,Male,['SV']
903,Sneasler,,"['LA', 'SV']"
904,Overqwil,,"['LA', 'ZA', 'SV']"
905,Enamorus,,"['LA', 'SV']"
905,Enamorus,Therian Forme,"['LA', 'SV']"
906,Sprigatito,,['SV']
907,Floragato,,['SV']
908,Meowscarada,,['SV']
909,Fuecoco,,['SV']
910,Crocalor,,['SV']
911,Skeledirge,,['SV']
912,Quaxly,,['SV']
913,Quaxwell,,['SV']
914,Quaquaval,,['SV']
915,Lechonk,,['SV']
916,Oinkologne,,['SV']
916,Oinkologne,Male,['SV']
917,Tarountula,,['SV']
918,Spidops,,['SV']
919,Nymble,,['SV']
920,Lokix,,['SV']
921,Pawmi,,['SV']
922,Pawmo,,['SV']
923,Pawmot,,['SV']
924,Tandemaus,,['SV']
925,Maushold,,['SV']
926,Fidough,,"['ZA', 'SV']"
927,Dachsbun,,"['ZA', 'SV']"
928,Smoliv,,['SV']
929,Dolliv,,['SV']
930,Arboliva,,['SV']
931,Squawkabilly,,"['ZA', 'SV']"
932,Nacli,,"['ZA', 'SV']"
933,Naclstack,,"['ZA', 'SV']"
934,Garganacl,,"['ZA', 'SV']"
935,Charcadet,,"['ZA', 'SV']"
936,Armarouge,,"['ZA', 'SV']"
937,Ceruledge,,"['ZA', 'SV']"
938,Tadbulb,,['SV']
939,Bellibolt,,['SV']
940,Wattrel,,['SV']
941,Kilowattrel,,['SV']
942,Maschiff,,"['ZA', 'SV']"
943,Mabosstiff,,"['ZA', 'SV']"
944,Shroodle,,"['ZA', 'SV']"
945,Grafaiai,,"['ZA', 'SV']"
946,Bramblin,,['SV']
947,Brambleghast,,['SV']
948,Toedscool,,['SV']
949,Toedscruel,,['SV']
950,Klawf,,['SV']
951,Capsakid,,"['ZA', 'SV']"
952,Scovillain,,"['ZA', 'SV']"
953,Rellor,,['SV']
954,Rabsca,,['SV']
955,Flittle,,['SV']
956,Espathra,,['SV']
957,Tinkatink,,"['ZA', 'SV']"
958,Tinkatuff,,"['ZA', 'SV']"
959,Tinkaton,,"['ZA', 'SV']"
960,Wiglett,,['SV']
961,Wugtrio,,['SV']
962,Bombirdier,,['SV']
963,Finizen,,['SV']
964,Palafin,,['SV']
965,Varoom,,['SV']
966,Revavroom,,['SV']
967,Cyclizar,,"['ZA', 'SV']"
968,Orthworm,,['SV']
969,Glimmet,,"['ZA', 'SV']"
970,Glimmora,,"['ZA', 'SV']"
971,Greavard,,"['ZA', 'SV']"
972,Houndstone,,"['ZA', 'SV']"
973,Flamigo,,"['ZA', 'SV']"
974,Cetoddle,,['SV']
975,Cetitan,,['SV']
976,Veluza,,['SV']
977,Dondozo,,"['ZA', 'SV']"
978,Tatsugiri,,['SV']
978,Tatsugiri,Curly Form,['ZA']
978,Tatsugiri,Droopy Form,['ZA']
978,Tatsugiri,Stretchy Form,['ZA']
979,Annihilape,,"['ZA', 'SV']"
980,Clodsire,,['SV']
981,Farigiraf,,['SV']
982,Dudunsparce,,['SV']
983,Kingambit,,['SV']
984,Great Tusk,,['SV']
985,Scream Tail,,['SV']
986,Brute Bonnet,,['SV']
987,Flutter Mane,,['SV']
988,Slither Wing,,['SV']
989,Sandy Shocks,,['SV']
990,Iron Treads,,['SV']
991,Iron Bundle,,['SV']
992,Iron Hands,,['SV']
993,Iron Jugulis,,['SV']
994,Iron Moth,,['SV']
995,Iron Thorns,,['SV']
996,Frigibax,,"['ZA', 'SV']"
997,Arctibax,,"['ZA', 'SV']"
998,Baxcalibur,,"['ZA', 'SV']"
999,Gimmighoul,,['ZA']
999,Gimmighoul,Chest Form,['SV']
1000,Gholdengo,,"['ZA', 'SV']"
1001,Wo-Chien,,['SV']
1002,Chien-Pao,,['SV']
1003,Ting-Lu,,['SV']
1004,Chi-Yu,,['SV']
1005,Roaring Moon,,['SV']
1006,Iron Valiant,,['SV']
1007,Koraidon,,['SV']
1008,Miraidon,,['SV']
1009,Walking Wake,,['SV']
1010,Iron Leaves,,['SV']
1011,Dipplin,,['SV']
1012,Poltchageist,,['SV']
1013,Sinistcha,,['SV']
1014,Okidogi,,['SV']
1015,Munkidori,,['SV']
1016,Fezandipiti,,['SV']
1017,Ogerpon,,['SV']
1018,Archaludon,,['SV']
1019,Hydrapple,,['SV']
1020,Gouging Fire,,['SV']
1021,Raging Bolt,,['SV']
1022,Iron Boulder,,['SV']
1023,Iron Crown,,['SV']
1024,Terapagos,,['SV']
1025,Pecharunt,,['SV']
