National_Dex, Pokemon   , Form   , Obtainability, Series
No.001      , Bulbasaur ,        , True         , FrLg
No.002      , Ivysaur   ,        , True         , FrLg
No.003      , Venusaur  ,        , True         , FrLg
No.004      , Charmander,        , True         , FrLg
No.005      , Charmeleon,        , True         , FrLg
No.006      , Charizard ,        , True         , FrLg
No.007      , Squirtle  ,        , True         , FrLg
No.008      , Wartortle ,        , True         , FrLg
No.009      , Blastoise ,        , True         , FrLg
No.010      , Caterpie  ,        , True         , FrLg
No.011      , Metapod   ,        , True         , FrLg
No.012      , Butterfree,        , True         , FrLg
No.013      , Weedle    ,        , True         , FrLg
No.014      , Kakuna    ,        , True         , FrLg
No.015      , Beedrill  ,        , True         , FrLg
No.016      , Pidgey    ,        , True         , FrLg
No.017      , Pidgeotto ,        , True         , FrLg
No.018      , Pidgeot   ,        , True         , FrLg
No.019      , Rattata   ,        , True         , FrLg
No.020      , Raticate  ,        , True         , FrLg
No.021      , Spearow   ,        , True         , FrLg
No.022      , Fearow    ,        , True         , FrLg
No.023      , Ekans     ,        , True         , FrLg
No.024      , Arbok     ,        , True         , FrLg
No.025      , Pikachu   ,        , True         , FrLg
No.026      , Raichu    ,        , True         , FrLg
No.027      , Sandshrew ,        , True         , FrLg
No.028      , Sandslash ,        , True         , FrLg
No.029      , Nidoran-F ,        , True         , FrLg
No.030      , Nidorina  ,        , True         , FrLg
No.031      , Nidoqueen ,        , True         , FrLg
No.032      , Nidoran-M ,        , True         , FrLg
No.033      , Nidorino  ,        , True         , FrLg
No.034      , Nidoking  ,        , True         , FrLg
No.035      , Clefairy  ,        , True         , FrLg
No.036      , Clefable  ,        , True         , FrLg
No.037      , Vulpix    ,        , True         , FrLg
No.038      , Ninetales ,        , True         , FrLg
No.039      , Jigglypuff,        , True         , FrLg
No.040      , Wigglytuff,        , True         , FrLg
No.041      , Zubat     ,        , True         , FrLg
No.042      , Golbat    ,        , True         , FrLg
No.043      , Oddish    ,        , True         , FrLg
No.044      , Gloom     ,        , True         , FrLg
No.045      , Vileplume ,        , True         , FrLg
No.046      , Paras     ,        , True         , FrLg
No.047      , Parasect  ,        , True         , FrLg
No.048      , Venonat   ,        , True         , FrLg
No.049      , Venomoth  ,        , True         , FrLg
No.050      , Diglett   ,        , True         , FrLg
No.051      , Dugtrio   ,        , True         , FrLg
No.052      , Meowth    ,        , True         , FrLg
No.053      , Persian   ,        , True         , FrLg
No.054      , Psyduck   ,        , True         , FrLg
No.055      , Golduck   ,        , True         , FrLg
No.056      , Mankey    ,        , True         , FrLg
No.057      , Primeape  ,        , True         , FrLg
No.058      , Growlithe ,        , True         , FrLg
No.059      , Arcanine  ,        , True         , FrLg
No.060      , Poliwag   ,        , True         , FrLg
No.061      , Poliwhirl ,        , True         , FrLg
No.062      , Poliwrath ,        , True         , FrLg
No.063      , Abra      ,        , True         , FrLg
No.064      , Kadabra   ,        , True         , FrLg
No.065      , Alakazam  ,        , True         , FrLg
No.066      , Machop    ,        , True         , FrLg
No.067      , Machoke   ,        , True         , FrLg
No.068      , Machamp   ,        , True         , FrLg
No.069      , Bellsprout,        , True         , FrLg
No.070      , Weepinbell,        , True         , FrLg
No.071      , Victreebel,        , True         , FrLg
No.072      , Tentacool ,        , True         , FrLg
No.073      , Tentacruel,        , True         , FrLg
No.074      , Geodude   ,        , True         , FrLg
No.075      , Graveler  ,        , True         , FrLg
No.076      , Golem     ,        , True         , FrLg
No.077      , Ponyta    ,        , True         , FrLg
No.078      , Rapidash  ,        , True         , FrLg
No.079      , Slowpoke  ,        , True         , FrLg
No.080      , Slowbro   ,        , True         , FrLg
No.081      , Magnemite ,        , True         , FrLg
No.082      , Magneton  ,        , True         , FrLg
No.083      , Farfetch'd,        , True         , FrLg
No.084      , Doduo     ,        , True         , FrLg
No.085      , Dodrio    ,        , True         , FrLg
No.086      , Seel      ,        , True         , FrLg
No.087      , Dewgong   ,        , True         , FrLg
No.088      , Grimer    ,        , True         , FrLg
No.089      , Muk       ,        , True         , FrLg
No.090      , Shellder  ,        , True         , FrLg
No.091      , Cloyster  ,        , True         , FrLg
No.092      , Gastly    ,        , True         , FrLg
No.093      , Haunter   ,        , True         , FrLg
No.094      , Gengar    ,        , True         , FrLg
No.095      , Onix      ,        , True         , FrLg
No.096      , Drowzee   ,        , True         , FrLg
No.097      , Hypno     ,        , True         , FrLg
No.098      , Krabby    ,        , True         , FrLg
No.099      , Kingler   ,        , True         , FrLg
No.100      , Voltorb   ,        , True         , FrLg
No.101      , Electrode ,        , True         , FrLg
No.102      , Exeggcute ,        , True         , FrLg
No.103      , Exeggutor ,        , True         , FrLg
No.104      , Cubone    ,        , True         , FrLg
No.105      , Marowak   ,        , True         , FrLg
No.106      , Hitmonlee ,        , True         , FrLg
No.107      , Hitmonchan,        , True         , FrLg
No.108      , Lickitung ,        , True         , FrLg
No.109      , Koffing   ,        , True         , FrLg
No.110      , Weezing   ,        , True         , FrLg
No.111      , Rhyhorn   ,        , True         , FrLg
No.112      , Rhydon    ,        , True         , FrLg
No.113      , Chansey   ,        , True         , FrLg
No.114      , Tangela   ,        , True         , FrLg
No.115      , Kangaskhan,        , True         , FrLg
No.116      , Horsea    ,        , True         , FrLg
No.117      , Seadra    ,        , True         , FrLg
No.118      , Goldeen   ,        , True         , FrLg
No.119      , Seaking   ,        , True         , FrLg
No.120      , Staryu    ,        , True         , FrLg
No.121      , Starmie   ,        , True         , FrLg
No.122      , Mr. Mime  ,        , True         , FrLg
No.123      , Scyther   ,        , True         , FrLg
No.124      , Jynx      ,        , True         , FrLg
No.125      , Electabuzz,        , True         , FrLg
No.126      , Magmar    ,        , True         , FrLg
No.127      , Pinsir    ,        , True         , FrLg
No.128      , Tauros    ,        , True         , FrLg
No.129      , Magikarp  ,        , True         , FrLg
No.130      , Gyarados  ,        , True         , FrLg
No.131      , Lapras    ,        , True         , FrLg
No.132      , Ditto     ,        , True         , FrLg
No.133      , Eevee     ,        , True         , FrLg
No.134      , Vaporeon  ,        , True         , FrLg
No.135      , Jolteon   ,        , True         , FrLg
No.136      , Flareon   ,        , True         , FrLg
No.137      , Porygon   ,        , True         , FrLg
No.138      , Omanyte   ,        , True         , FrLg
No.139      , Omastar   ,        , True         , FrLg
No.140      , Kabuto    ,        , True         , FrLg
No.141      , Kabutops  ,        , True         , FrLg
No.142      , Aerodactyl,        , True         , FrLg
No.143      , Snorlax   ,        , True         , FrLg
No.144      , Articuno  ,        , True         , FrLg
No.145      , Zapdos    ,        , True         , FrLg
No.146      , Moltres   ,        , True         , FrLg
No.147      , Dratini   ,        , True         , FrLg
No.148      , Dragonair ,        , True         , FrLg
No.149      , Dragonite ,        , True         , FrLg
No.150      , Mewtwo    ,        , True         , FrLg
No.161      , Sentret   ,        , True         , FrLg
No.162      , Furret    ,        , True         , FrLg
No.165      , Ledyba    ,        , True         , FrLg
No.166      , Ledian    ,        , True         , FrLg
No.167      , Spinarak  ,        , True         , FrLg
No.168      , Ariados   ,        , True         , FrLg
No.169      , Crobat    ,        , True         , FrLg
No.172      , Pichu     ,        , True         , FrLg
No.173      , Cleffa    ,        , True         , FrLg
No.174      , Igglybuff ,        , True         , FrLg
No.175      , Togepi    ,        , True         , FrLg
No.176      , Togetic   ,        , True         , FrLg
No.177      , Natu      ,        , True         , FrLg
No.178      , Xatu      ,        , True         , FrLg
No.182      , Bellossom ,        , True         , FrLg
No.183      , Marill    ,        , True         , FrLg
No.184      , Azumarill ,        , True         , FrLg
No.186      , Politoed  ,        , True         , FrLg
No.187      , Hoppip    ,        , True         , FrLg
No.188      , Skiploom  ,        , True         , FrLg
No.189      , Jumpluff  ,        , True         , FrLg
No.193      , Yanma     ,        , True         , FrLg
No.194      , Wooper    ,        , True         , FrLg
No.195      , Quagsire  ,        , True         , FrLg
No.198      , Murkrow   ,        , True         , FrLg
No.199      , Slowking  ,        , True         , FrLg
No.200      , Misdreavus,        , True         , FrLg
No.201      , Unown     ,        , True         , FrLg
No.202      , Wobbuffet ,        , True         , FrLg
No.206      , Dunsparce ,        , True         , FrLg
No.208      , Steelix   ,        , True         , FrLg
No.211      , Qwilfish  ,        , True         , FrLg
No.212      , Scizor    ,        , True         , FrLg
No.214      , Heracross ,        , True         , FrLg
No.215      , Sneasel   ,        , True         , FrLg
No.218      , Slugma    ,        , True         , FrLg
No.219      , Magcargo  ,        , True         , FrLg
No.220      , Swinub    ,        , True         , FrLg
No.221      , Piloswine ,        , True         , FrLg
No.223      , Remoraid  ,        , True         , FrLg
No.224      , Octillery ,        , True         , FrLg
No.225      , Delibird  ,        , True         , FrLg
No.226      , Mantine   ,        , True         , FrLg
No.227      , Skarmory  ,        , True         , FrLg
No.230      , Kingdra   ,        , True         , FrLg
No.231      , Phanpy    ,        , True         , FrLg
No.232      , Donphan   ,        , True         , FrLg
No.233      , Porygon2  ,        , True         , FrLg
No.236      , Tyrogue   ,        , True         , FrLg
No.237      , Hitmontop ,        , True         , FrLg
No.238      , Smoochum  ,        , True         , FrLg
No.239      , Elekid    ,        , True         , FrLg
No.240      , Magby     ,        , True         , FrLg
No.242      , Blissey   ,        , True         , FrLg
No.243      , Raikou    ,        , True         , FrLg
No.244      , Entei     ,        , True         , FrLg
No.245      , Suicune   ,        , True         , FrLg
No.246      , Larvitar  ,        , True         , FrLg
No.247      , Pupitar   ,        , True         , FrLg
No.248      , Tyranitar ,        , True         , FrLg
No.249      , Lugia     ,        , True         , FrLg
No.250      , Ho-Oh     ,        , True         , FrLg
No.298      , Azurill   ,        , True         , FrLg
No.360      , Wynaut    ,        , True         , FrLg
No.386      , Deoxys    , Attack , True         , FrLg
No.386      , Deoxys    , Defense, True         , FrLg