National_Dex,Pokemon,Dex
1,Bulbasaur,"['Blueberry', 'Isle_of_Armor', 'Johto (GSC)', 'Johto (HgSs)', 'Kalos', 'Kanto (Lets Go)', 'Kanto (RGBY and FrLg)', 'Lumiose']"
2,Ivysaur,"['Blueberry', 'Isle_of_Armor', 'Johto (GSC)', 'Johto (HgSs)', 'Kalos', 'Kanto (Lets Go)', 'Kanto (RGBY and FrLg)', 'Lumiose']"
3,Venusaur,"['Blueberry', 'Isle_of_Armor', 'Johto (GSC)', 'Johto (HgSs)', 'Kalos', 'Kanto (Lets Go)', 'Kanto (RGBY and FrLg)', 'Lumiose']"
4,Charmander,"['Blueberry', 'Galar', 'Johto (GSC)', 'Johto (HgSs)', 'Kalos', 'Kanto (Lets Go)', 'Kanto (RGBY and FrLg)', 'Lumiose']"
5,Charmeleon,"['Blueberry', 'Galar', 'Johto (GSC)', 'Johto (HgSs)', 'Kalos', 'Kanto (Lets Go)', 'Kanto (RGBY and FrLg)', 'Lumiose']"
6,Charizard,"['Blueberry', 'Galar', 'Johto (GSC)', 'Johto (HgSs)', 'Kalos', 'Kanto (Lets Go)', 'Kanto (RGBY and FrLg)', 'Lumiose']"
7,Squirtle,"['Blueberry', 'Isle_of_Armor', 'Johto (GSC)', 'Johto (HgSs)', 'Kalos', 'Kanto (Lets Go)', 'Kanto (RGBY and FrLg)', 'Lumiose']"
8,Wartortle,"['Blueberry', 'Isle_of_Armor', 'Johto (GSC)', 'Johto (HgSs)', 'Kalos', 'Kanto (Lets Go)', 'Kanto (RGBY and FrLg)', 'Lumiose']"
9,Blastoise,"['Blueberry', 'Isle_of_Armor', 'Johto (GSC)', 'Johto (HgSs)', 'Kalos', 'Kanto (Lets Go)', 'Kanto (RGBY and FrLg)', 'Lumiose']"
10,Caterpie,"['Alola (SM)', 'Alola (USUM)', 'Galar', 'Johto (GSC)', 'Johto (HgSs)', 'Kalos', 'Kanto (Lets Go)', 'Kanto (RGBY and FrLg)']"
11,Metapod,"['Alola (SM)', 'Alola (USUM)', 'Galar', 'Johto (GSC)', 'Johto (HgSs)', 'Kalos', 'Kanto (Lets Go)', 'Kanto (RGBY and FrLg)']"
12,Butterfree,"['Alola (SM)', 'Alola (USUM)', 'Galar', 'Johto (GSC)', 'Johto (HgSs)', 'Kalos', 'Kanto (Lets Go)', 'Kanto (RGBY and FrLg)']"
13,Weedle,"['Johto (GSC)', 'Johto (HgSs)', 'Kalos', 'Kanto (Lets Go)', 'Kanto (RGBY and FrLg)', 'Lumiose']"
14,Kakuna,"['Johto (GSC)', 'Johto (HgSs)', 'Kalos', 'Kanto (Lets Go)', 'Kanto (RGBY and FrLg)', 'Lumiose']"
15,Beedrill,"['Johto (GSC)', 'Johto (HgSs)', 'Kalos', 'Kanto (Lets Go)', 'Kanto (RGBY and FrLg)', 'Lumiose']"
16,Pidgey,"['Johto (GSC)', 'Johto (HgSs)', 'Kalos', 'Kanto (Lets Go)', 'Kanto (RGBY and FrLg)', 'Lumiose']"
17,Pidgeotto,"['Johto (GSC)', 'Johto (HgSs)', 'Kalos', 'Kanto (Lets Go)', 'Kanto (RGBY and FrLg)', 'Lumiose']"
18,Pidgeot,"['Johto (GSC)', 'Johto (HgSs)', 'Kalos', 'Kanto (Lets Go)', 'Kanto (RGBY and FrLg)', 'Lumiose']"
19,Rattata,"['Alola (SM)', 'Alola (USUM)', 'Johto (GSC)', 'Johto (HgSs)', 'Kanto (Lets Go)', 'Kanto (RGBY and FrLg)', 'Unova (B2W2)']"
20,Raticate,"['Alola (SM)', 'Alola (USUM)', 'Johto (GSC)', 'Johto (HgSs)', 'Kanto (Lets Go)', 'Kanto (RGBY and FrLg)', 'Unova (B2W2)']"
21,Spearow,"['Alola (SM)', 'Alola (USUM)', 'Johto (GSC)', 'Johto (HgSs)', 'Kalos', 'Kanto (Lets Go)', 'Kanto (RGBY and FrLg)']"
22,Fearow,"['Alola (SM)', 'Alola (USUM)', 'Johto (GSC)', 'Johto (HgSs)', 'Kalos', 'Kanto (Lets Go)', 'Kanto (RGBY and FrLg)']"
23,Ekans,"['Alola (USUM)', 'Johto (GSC)', 'Johto (HgSs)', 'Kalos', 'Kanto (Lets Go)', 'Kanto (RGBY and FrLg)', 'Kitakami', 'Lumiose']"
24,Arbok,"['Alola (USUM)', 'Johto (GSC)', 'Johto (HgSs)', 'Kalos', 'Kanto (Lets Go)', 'Kanto (RGBY and FrLg)', 'Kitakami', 'Lumiose']"
25,Pikachu,"['Alola (SM)', 'Alola (USUM)', 'DP', 'Galar', 'Hisui ', 'Hoenn (ORAS)', 'Hoenn (RSE)', 'Isle_of_Armor', 'Johto (GSC)', 'Johto (HgSs)', 'Kalos', 'Kanto (Lets Go)', 'Kanto (RGBY and FrLg)', 'Kitakami', 'Lumiose', 'Paldea', 'Sinnoh (BdSp)', 'Sinnoh (DP)', 'Sinnoh (Pt)']"
26,Raichu,"['Alola (SM)', 'Alola (USUM)', 'DP', 'Galar', 'Hisui ', 'Hoenn (ORAS)', 'Hoenn (RSE)', 'Isle_of_Armor', 'Johto (GSC)', 'Johto (HgSs)', 'Kalos', 'Kanto (Lets Go)', 'Kanto (RGBY and FrLg)', 'Kitakami', 'Lumiose', 'Paldea', 'Sinnoh (BdSp)', 'Sinnoh (DP)', 'Sinnoh (Pt)']"
27,Sandshrew,"['Alola (SM)', 'Alola (USUM)', 'Blueberry', 'Hoenn (ORAS)', 'Hoenn (RSE)', 'Isle_of_Armor', 'Johto (GSC)', 'Johto (HgSs)', 'Kalos', 'Kanto (Lets Go)', 'Kanto (RGBY and FrLg)', 'Kitakami', 'Unova (B2W2)']"
28,Sandslash,"['Alola (SM)', 'Alola (USUM)', 'Blueberry', 'Hoenn (ORAS)', 'Hoenn (RSE)', 'Isle_of_Armor', 'Johto (GSC)', 'Johto (HgSs)', 'Kalos', 'Kanto (Lets Go)', 'Kanto (RGBY and FrLg)', 'Kitakami', 'Unova (B2W2)']"
29,Nidoran♀,"['Crown_Tundra', 'Johto (GSC)', 'Johto (HgSs)', 'Kalos', 'Kanto (Lets Go)', 'Kanto (RGBY and FrLg)']"
30,Nidorina,"['Crown_Tundra', 'Johto (GSC)', 'Johto (HgSs)', 'Kalos', 'Kanto (Lets Go)', 'Kanto (RGBY and FrLg)']"
31,Nidoqueen,"['Crown_Tundra', 'Johto (GSC)', 'Johto (HgSs)', 'Kalos', 'Kanto (Lets Go)', 'Kanto (RGBY and FrLg)']"
32,Nidoran♂,"['Crown_Tundra', 'Johto (GSC)', 'Johto (HgSs)', 'Kalos', 'Kanto (Lets Go)', 'Kanto (RGBY and FrLg)']"
33,Nidorino,"['Crown_Tundra', 'Johto (GSC)', 'Johto (HgSs)', 'Kalos', 'Kanto (Lets Go)', 'Kanto (RGBY and FrLg)']"
34,Nidoking,"['Crown_Tundra', 'Johto (GSC)', 'Johto (HgSs)', 'Kalos', 'Kanto (Lets Go)', 'Kanto (RGBY and FrLg)']"
35,Clefairy,"['Alola (SM)', 'Alola (USUM)', 'Crown_Tundra', 'DP', 'Galar', 'Hisui ', 'Johto (GSC)', 'Johto (HgSs)', 'Kanto (Lets Go)', 'Kanto (RGBY and FrLg)', 'Kitakami', 'Lumiose', 'Sinnoh (BdSp)', 'Sinnoh (DP)', 'Sinnoh (Pt)', 'Unova (B2W2)']"
36,Clefable,"['Alola (SM)', 'Alola (USUM)', 'Crown_Tundra', 'DP', 'Galar', 'Hisui ', 'Johto (GSC)', 'Johto (HgSs)', 'Kanto (Lets Go)', 'Kanto (RGBY and FrLg)', 'Kitakami', 'Lumiose', 'Sinnoh (BdSp)', 'Sinnoh (DP)', 'Sinnoh (Pt)', 'Unova (B2W2)']"
37,Vulpix,"['Alola (SM)', 'Alola (USUM)', 'Blueberry', 'Galar', 'Hisui ', 'Hoenn (ORAS)', 'Hoenn (RSE)', 'Johto (GSC)', 'Johto (HgSs)', 'Kanto (Lets Go)', 'Kanto (RGBY and FrLg)', 'Kitakami', 'Unova (B2W2)']"
38,Ninetales,"['Alola (SM)', 'Alola (USUM)', 'Blueberry', 'Galar', 'Hisui ', 'Hoenn (ORAS)', 'Hoenn (RSE)', 'Johto (GSC)', 'Johto (HgSs)', 'Kanto (Lets Go)', 'Kanto (RGBY and FrLg)', 'Kitakami', 'Unova (B2W2)']"
39,Jigglypuff,"['Alola (SM)', 'Alola (USUM)', 'Hoenn (ORAS)', 'Hoenn (RSE)', 'Hyperspace', 'Isle_of_Armor', 'Johto (GSC)', 'Johto (HgSs)', 'Kalos', 'Kanto (Lets Go)', 'Kanto (RGBY and FrLg)', 'Paldea', 'Unova (B2W2)']"
40,Wigglytuff,"['Alola (SM)', 'Alola (USUM)', 'Hoenn (ORAS)', 'Hoenn (RSE)', 'Hyperspace', 'Isle_of_Armor', 'Johto (GSC)', 'Johto (HgSs)', 'Kalos', 'Kanto (Lets Go)', 'Kanto (RGBY and FrLg)', 'Paldea', 'Unova (B2W2)']"
41,Zubat,"['Alola (SM)', 'Alola (USUM)', 'Crown_Tundra', 'DP', 'Hisui ', 'Hoenn (ORAS)', 'Hoenn (RSE)', 'Hyperspace', 'Johto (GSC)', 'Johto (HgSs)', 'Kalos', 'Kanto (Lets Go)', 'Kanto (RGBY and FrLg)', 'Sinnoh (BdSp)', 'Sinnoh (DP)', 'Sinnoh (Pt)', 'Unova (B2W2)']"
42,Golbat,"['Alola (SM)', 'Alola (USUM)', 'Crown_Tundra', 'DP', 'Hisui ', 'Hoenn (ORAS)', 'Hoenn (RSE)', 'Hyperspace', 'Johto (GSC)', 'Johto (HgSs)', 'Kalos', 'Kanto (Lets Go)', 'Kanto (RGBY and FrLg)', 'Sinnoh (BdSp)', 'Sinnoh (DP)', 'Sinnoh (Pt)', 'Unova (B2W2)']"
43,Oddish,"['Blueberry', 'Galar', 'Hoenn (ORAS)', 'Hoenn (RSE)', 'Johto (GSC)', 'Johto (HgSs)', 'Kalos', 'Kanto (Lets Go)', 'Kanto (RGBY and FrLg)']"
44,Gloom,"['Blueberry', 'Galar', 'Hoenn (ORAS)', 'Hoenn (RSE)', 'Johto (GSC)', 'Johto (HgSs)', 'Kalos', 'Kanto (Lets Go)', 'Kanto (RGBY and FrLg)']"
45,Vileplume,"['Blueberry', 'Galar', 'Hoenn (ORAS)', 'Hoenn (RSE)', 'Johto (GSC)', 'Johto (HgSs)', 'Kalos', 'Kanto (Lets Go)', 'Kanto (RGBY and FrLg)']"
46,Paras,"['Alola (SM)', 'Alola (USUM)', 'Hisui ', 'Johto (GSC)', 'Johto (HgSs)', 'Kanto (Lets Go)', 'Kanto (RGBY and FrLg)']"
47,Parasect,"['Alola (SM)', 'Alola (USUM)', 'Hisui ', 'Johto (GSC)', 'Johto (HgSs)', 'Kanto (Lets Go)', 'Kanto (RGBY and FrLg)']"
48,Venonat,"['Blueberry', 'Johto (GSC)', 'Johto (HgSs)', 'Kanto (Lets Go)', 'Kanto (RGBY and FrLg)', 'Paldea']"
49,Venomoth,"['Blueberry', 'Johto (GSC)', 'Johto (HgSs)', 'Kanto (Lets Go)', 'Kanto (RGBY and FrLg)', 'Paldea']"
50,Diglett,"['Alola (SM)', 'Alola (USUM)', 'Blueberry', 'Galar', 'Johto (GSC)', 'Johto (HgSs)', 'Kalos', 'Kanto (Lets Go)', 'Kanto (RGBY and FrLg)', 'Paldea']"
51,Dugtrio,"['Alola (SM)', 'Alola (USUM)', 'Blueberry', 'Galar', 'Johto (GSC)', 'Johto (HgSs)', 'Kalos', 'Kanto (Lets Go)', 'Kanto (RGBY and FrLg)', 'Paldea']"
52,Meowth,"['Alola (SM)', 'Alola (USUM)', 'Galar', 'Hyperspace', 'Johto (GSC)', 'Johto (HgSs)', 'Kanto (Lets Go)', 'Kanto (RGBY and FrLg)', 'Paldea']"
53,Persian,"['Alola (SM)', 'Alola (USUM)', 'Galar', 'Hyperspace', 'Johto (GSC)', 'Johto (HgSs)', 'Kanto (Lets Go)', 'Kanto (RGBY and FrLg)', 'Paldea']"
54,Psyduck,"['Alola (SM)', 'Alola (USUM)', 'DP', 'Hisui ', 'Hoenn (ORAS)', 'Hoenn (RSE)', 'Isle_of_Armor', 'Johto (GSC)', 'Johto (HgSs)', 'Kalos', 'Kanto (Lets Go)', 'Kanto (RGBY and FrLg)', 'Paldea', 'Sinnoh (BdSp)', 'Sinnoh (DP)', 'Sinnoh (Pt)', 'Unova (B2W2)']"
55,Golduck,"['Alola (SM)', 'Alola (USUM)', 'DP', 'Hisui ', 'Hoenn (ORAS)', 'Hoenn (RSE)', 'Isle_of_Armor', 'Johto (GSC)', 'Johto (HgSs)', 'Kalos', 'Kanto (Lets Go)', 'Kanto (RGBY and FrLg)', 'Paldea', 'Sinnoh (BdSp)', 'Sinnoh (DP)', 'Sinnoh (Pt)', 'Unova (B2W2)']"
56,Mankey,"['Alola (SM)', 'Alola (USUM)', 'Hyperspace', 'Johto (GSC)', 'Johto (HgSs)', 'Kanto (Lets Go)', 'Kanto (RGBY and FrLg)', 'Kitakami', 'Paldea']"
57,Primeape,"['Alola (SM)', 'Alola (USUM)', 'Hyperspace', 'Johto (GSC)', 'Johto (HgSs)', 'Kanto (Lets Go)', 'Kanto (RGBY and FrLg)', 'Kitakami', 'Paldea']"
58,Growlithe,"['Alola (SM)', 'Alola (USUM)', 'Galar', 'Hisui ', 'Johto (GSC)', 'Johto (HgSs)', 'Kanto (Lets Go)', 'Kanto (RGBY and FrLg)', 'Kitakami', 'Paldea', 'Unova (B2W2)']"
59,Arcanine,"['Alola (SM)', 'Alola (USUM)', 'Galar', 'Hisui ', 'Johto (GSC)', 'Johto (HgSs)', 'Kanto (Lets Go)', 'Kanto (RGBY and FrLg)', 'Kitakami', 'Paldea', 'Unova (B2W2)']"
60,Poliwag,"['Alola (SM)', 'Alola (USUM)', 'Isle_of_Armor', 'Johto (GSC)', 'Johto (HgSs)', 'Kalos', 'Kanto (Lets Go)', 'Kanto (RGBY and FrLg)', 'Kitakami']"
61,Poliwhirl,"['Alola (SM)', 'Alola (USUM)', 'Isle_of_Armor', 'Johto (GSC)', 'Johto (HgSs)', 'Kalos', 'Kanto (Lets Go)', 'Kanto (RGBY and FrLg)', 'Kitakami']"
62,Poliwrath,"['Alola (SM)', 'Alola (USUM)', 'Isle_of_Armor', 'Johto (GSC)', 'Johto (HgSs)', 'Kalos', 'Kanto (Lets Go)', 'Kanto (RGBY and FrLg)', 'Kitakami']"
63,Abra,"['Alola (SM)', 'Alola (USUM)', 'DP', 'Hisui ', 'Hoenn (ORAS)', 'Hoenn (RSE)', 'Isle_of_Armor', 'Johto (GSC)', 'Johto (HgSs)', 'Kalos', 'Kanto (Lets Go)', 'Kanto (RGBY and FrLg)', 'Lumiose', 'Sinnoh (BdSp)', 'Sinnoh (DP)', 'Sinnoh (Pt)']"
64,Kadabra,"['Alola (SM)', 'Alola (USUM)', 'DP', 'Hisui ', 'Hoenn (ORAS)', 'Hoenn (RSE)', 'Isle_of_Armor', 'Johto (GSC)', 'Johto (HgSs)', 'Kalos', 'Kanto (Lets Go)', 'Kanto (RGBY and FrLg)', 'Lumiose', 'Sinnoh (BdSp)', 'Sinnoh (DP)', 'Sinnoh (Pt)']"
65,Alakazam,"['Alola (SM)', 'Alola (USUM)', 'DP', 'Hisui ', 'Hoenn (ORAS)', 'Hoenn (RSE)', 'Isle_of_Armor', 'Johto (GSC)', 'Johto (HgSs)', 'Kalos', 'Kanto (Lets Go)', 'Kanto (RGBY and FrLg)', 'Lumiose', 'Sinnoh (BdSp)', 'Sinnoh (DP)', 'Sinnoh (Pt)']"
66,Machop,"['Alola (SM)', 'Alola (USUM)', 'DP', 'Galar', 'Hisui ', 'Hoenn (ORAS)', 'Hoenn (RSE)', 'Johto (GSC)', 'Johto (HgSs)', 'Kalos', 'Kanto (Lets Go)', 'Kanto (RGBY and FrLg)', 'Lumiose', 'Sinnoh (BdSp)', 'Sinnoh (DP)', 'Sinnoh (Pt)']"
67,Machoke,"['Alola (SM)', 'Alola (USUM)', 'DP', 'Galar', 'Hisui ', 'Hoenn (ORAS)', 'Hoenn (RSE)', 'Johto (GSC)', 'Johto (HgSs)', 'Kalos', 'Kanto (Lets Go)', 'Kanto (RGBY and FrLg)', 'Lumiose', 'Sinnoh (BdSp)', 'Sinnoh (DP)', 'Sinnoh (Pt)']"
68,Machamp,"['Alola (SM)', 'Alola (USUM)', 'DP', 'Galar', 'Hisui ', 'Hoenn (ORAS)', 'Hoenn (RSE)', 'Johto (GSC)', 'Johto (HgSs)', 'Kalos', 'Kanto (Lets Go)', 'Kanto (RGBY and FrLg)', 'Lumiose', 'Sinnoh (BdSp)', 'Sinnoh (DP)', 'Sinnoh (Pt)']"
69,Bellsprout,"['Johto (GSC)', 'Johto (HgSs)', 'Kalos', 'Kanto (Lets Go)', 'Kanto (RGBY and FrLg)', 'Kitakami', 'Lumiose']"
70,Weepinbell,"['Johto (GSC)', 'Johto (HgSs)', 'Kalos', 'Kanto (Lets Go)', 'Kanto (RGBY and FrLg)', 'Kitakami', 'Lumiose']"
71,Victreebel,"['Johto (GSC)', 'Johto (HgSs)', 'Kalos', 'Kanto (Lets Go)', 'Kanto (RGBY and FrLg)', 'Kitakami', 'Lumiose']"
72,Tentacool,"['Alola (SM)', 'Alola (USUM)', 'Blueberry', 'DP', 'Hisui ', 'Hoenn (ORAS)', 'Hoenn (RSE)', 'Isle_of_Armor', 'Johto (GSC)', 'Johto (HgSs)', 'Kalos', 'Kanto (Lets Go)', 'Kanto (RGBY and FrLg)', 'Sinnoh (BdSp)', 'Sinnoh (DP)', 'Sinnoh (Pt)']"
73,Tentacruel,"['Alola (SM)', 'Alola (USUM)', 'Blueberry', 'DP', 'Hisui ', 'Hoenn (ORAS)', 'Hoenn (RSE)', 'Isle_of_Armor', 'Johto (GSC)', 'Johto (HgSs)', 'Kalos', 'Kanto (Lets Go)', 'Kanto (RGBY and FrLg)', 'Sinnoh (BdSp)', 'Sinnoh (DP)', 'Sinnoh (Pt)']"
74,Geodude,"['Alola (SM)', 'Alola (USUM)', 'Blueberry', 'DP', 'Hisui ', 'Hoenn (ORAS)', 'Hoenn (RSE)', 'Johto (GSC)', 'Johto (HgSs)', 'Kalos', 'Kanto (Lets Go)', 'Kanto (RGBY and FrLg)', 'Kitakami', 'Sinnoh (BdSp)', 'Sinnoh (DP)', 'Sinnoh (Pt)']"
75,Graveler,"['Alola (SM)', 'Alola (USUM)', 'Blueberry', 'DP', 'Hisui ', 'Hoenn (ORAS)', 'Hoenn (RSE)', 'Johto (GSC)', 'Johto (HgSs)', 'Kalos', 'Kanto (Lets Go)', 'Kanto (RGBY and FrLg)', 'Kitakami', 'Sinnoh (BdSp)', 'Sinnoh (DP)', 'Sinnoh (Pt)']"
76,Golem,"['Alola (SM)', 'Alola (USUM)', 'Blueberry', 'DP', 'Hisui ', 'Hoenn (ORAS)', 'Hoenn (RSE)', 'Johto (GSC)', 'Johto (HgSs)', 'Kalos', 'Kanto (Lets Go)', 'Kanto (RGBY and FrLg)', 'Kitakami', 'Sinnoh (BdSp)', 'Sinnoh (DP)', 'Sinnoh (Pt)']"
77,Ponyta,"['Crown_Tundra', 'DP', 'Galar', 'Hisui ', 'Johto (GSC)', 'Johto (HgSs)', 'Kanto (Lets Go)', 'Kanto (RGBY and FrLg)', 'Sinnoh (BdSp)', 'Sinnoh (DP)', 'Sinnoh (Pt)']"
78,Rapidash,"['Crown_Tundra', 'DP', 'Galar', 'Hisui ', 'Johto (GSC)', 'Johto (HgSs)', 'Kanto (Lets Go)', 'Kanto (RGBY and FrLg)', 'Sinnoh (BdSp)', 'Sinnoh (DP)', 'Sinnoh (Pt)']"
79,Slowpoke,"['Alola (SM)', 'Alola (USUM)', 'Blueberry', 'Isle_of_Armor', 'Johto (GSC)', 'Johto (HgSs)', 'Kalos', 'Kanto (Lets Go)', 'Kanto (RGBY and FrLg)', 'Lumiose', 'Paldea']"
80,Slowbro,"['Alola (SM)', 'Alola (USUM)', 'Blueberry', 'Isle_of_Armor', 'Johto (GSC)', 'Johto (HgSs)', 'Kalos', 'Kanto (Lets Go)', 'Kanto (RGBY and FrLg)', 'Lumiose', 'Paldea']"
81,Magnemite,"['Alola (SM)', 'Alola (USUM)', 'Blueberry', 'Hisui ', 'Hoenn (ORAS)', 'Hoenn (RSE)', 'Isle_of_Armor', 'Johto (GSC)', 'Johto (HgSs)', 'Kalos', 'Kanto (Lets Go)', 'Kanto (RGBY and FrLg)', 'Paldea', 'Sinnoh (Pt)', 'Unova (B2W2)']"
82,Magneton,"['Alola (SM)', 'Alola (USUM)', 'Blueberry', 'Hisui ', 'Hoenn (ORAS)', 'Hoenn (RSE)', 'Isle_of_Armor', 'Johto (GSC)', 'Johto (HgSs)', 'Kalos', 'Kanto (Lets Go)', 'Kanto (RGBY and FrLg)', 'Paldea', 'Sinnoh (Pt)', 'Unova (B2W2)']"
83,Farfetch'd,"['Galar', 'Hyperspace', 'Johto (GSC)', 'Johto (HgSs)', 'Kalos', 'Kanto (Lets Go)', 'Kanto (RGBY and FrLg)']"
84,Doduo,"['Blueberry', 'Hoenn (ORAS)', 'Hoenn (RSE)', 'Johto (GSC)', 'Johto (HgSs)', 'Kalos', 'Kanto (Lets Go)', 'Kanto (RGBY and FrLg)']"
85,Dodrio,"['Blueberry', 'Hoenn (ORAS)', 'Hoenn (RSE)', 'Johto (GSC)', 'Johto (HgSs)', 'Kalos', 'Kanto (Lets Go)', 'Kanto (RGBY and FrLg)']"
86,Seel,"['Alola (USUM)', 'Blueberry', 'Johto (GSC)', 'Johto (HgSs)', 'Kanto (Lets Go)', 'Kanto (RGBY and FrLg)', 'Unova (B2W2)']"
87,Dewgong,"['Alola (USUM)', 'Blueberry', 'Johto (GSC)', 'Johto (HgSs)', 'Kanto (Lets Go)', 'Kanto (RGBY and FrLg)', 'Unova (B2W2)']"
88,Grimer,"['Alola (SM)', 'Alola (USUM)', 'Blueberry', 'Hoenn (ORAS)', 'Hoenn (RSE)', 'Johto (GSC)', 'Johto (HgSs)', 'Kanto (Lets Go)', 'Kanto (RGBY and FrLg)', 'Paldea', 'Unova (B2W2)']"
89,Muk,"['Alola (SM)', 'Alola (USUM)', 'Blueberry', 'Hoenn (ORAS)', 'Hoenn (RSE)', 'Johto (GSC)', 'Johto (HgSs)', 'Kanto (Lets Go)', 'Kanto (RGBY and FrLg)', 'Paldea', 'Unova (B2W2)']"
90,Shellder,"['Alola (SM)', 'Alola (USUM)', 'Galar', 'Isle_of_Armor', 'Johto (GSC)', 'Johto (HgSs)', 'Kalos', 'Kanto (Lets Go)', 'Kanto (RGBY and FrLg)', 'Paldea']"
91,Cloyster,"['Alola (SM)', 'Alola (USUM)', 'Galar', 'Isle_of_Armor', 'Johto (GSC)', 'Johto (HgSs)', 'Kalos', 'Kanto (Lets Go)', 'Kanto (RGBY and FrLg)', 'Paldea']"
92,Gastly,"['Alola (SM)', 'Alola (USUM)', 'DP', 'Galar', 'Hisui ', 'Johto (GSC)', 'Johto (HgSs)', 'Kalos', 'Kanto (Lets Go)', 'Kanto (RGBY and FrLg)', 'Kitakami', 'Lumiose', 'Paldea', 'Sinnoh (BdSp)', 'Sinnoh (DP)', 'Sinnoh (Pt)']"
93,Haunter,"['Alola (SM)', 'Alola (USUM)', 'DP', 'Galar', 'Hisui ', 'Johto (GSC)', 'Johto (HgSs)', 'Kalos', 'Kanto (Lets Go)', 'Kanto (RGBY and FrLg)', 'Kitakami', 'Lumiose', 'Paldea', 'Sinnoh (BdSp)', 'Sinnoh (DP)', 'Sinnoh (Pt)']"
94,Gengar,"['Alola (SM)', 'Alola (USUM)', 'DP', 'Galar', 'Hisui ', 'Johto (GSC)', 'Johto (HgSs)', 'Kalos', 'Kanto (Lets Go)', 'Kanto (RGBY and FrLg)', 'Kitakami', 'Lumiose', 'Paldea', 'Sinnoh (BdSp)', 'Sinnoh (DP)', 'Sinnoh (Pt)']"
95,Onix,"['DP', 'Galar', 'Hisui ', 'Johto (GSC)', 'Johto (HgSs)', 'Kalos', 'Kanto (Lets Go)', 'Kanto (RGBY and FrLg)', 'Lumiose', 'Sinnoh (BdSp)', 'Sinnoh (DP)', 'Sinnoh (Pt)', 'Unova (B2W2)']"
96,Drowzee,"['Alola (SM)', 'Alola (USUM)', 'Johto (GSC)', 'Johto (HgSs)', 'Kanto (Lets Go)', 'Kanto (RGBY and FrLg)', 'Paldea']"
97,Hypno,"['Alola (SM)', 'Alola (USUM)', 'Johto (GSC)', 'Johto (HgSs)', 'Kanto (Lets Go)', 'Kanto (RGBY and FrLg)', 'Paldea']"
98,Krabby,"['Galar', 'Isle_of_Armor', 'Johto (GSC)', 'Johto (HgSs)', 'Kanto (Lets Go)', 'Kanto (RGBY and FrLg)']"
99,Kingler,"['Galar', 'Isle_of_Armor', 'Johto (GSC)', 'Johto (HgSs)', 'Kanto (Lets Go)', 'Kanto (RGBY and FrLg)']"
100,Voltorb,"['Hisui ', 'Hoenn (ORAS)', 'Hoenn (RSE)', 'Johto (GSC)', 'Johto (HgSs)', 'Kalos', 'Kanto (Lets Go)', 'Kanto (RGBY and FrLg)', 'Paldea']"
101,Electrode,"['Hisui ', 'Hoenn (ORAS)', 'Hoenn (RSE)', 'Johto (GSC)', 'Johto (HgSs)', 'Kalos', 'Kanto (Lets Go)', 'Kanto (RGBY and FrLg)', 'Paldea']"
102,Exeggcute,"['Alola (SM)', 'Alola (USUM)', 'Blueberry', 'Isle_of_Armor', 'Johto (GSC)', 'Johto (HgSs)', 'Kalos', 'Kanto (Lets Go)', 'Kanto (RGBY and FrLg)']"
103,Exeggutor,"['Alola (SM)', 'Alola (USUM)', 'Blueberry', 'Isle_of_Armor', 'Johto (GSC)', 'Johto (HgSs)', 'Kalos', 'Kanto (Lets Go)', 'Kanto (RGBY and FrLg)']"
104,Cubone,"['Alola (SM)', 'Alola (USUM)', 'Hyperspace', 'Isle_of_Armor', 'Johto (GSC)', 'Johto (HgSs)', 'Kalos', 'Kanto (Lets Go)', 'Kanto (RGBY and FrLg)']"
105,Marowak,"['Alola (SM)', 'Alola (USUM)', 'Hyperspace', 'Isle_of_Armor', 'Johto (GSC)', 'Johto (HgSs)', 'Kalos', 'Kanto (Lets Go)', 'Kanto (RGBY and FrLg)']"
106,Hitmonlee,"['Blueberry', 'Galar', 'Johto (GSC)', 'Johto (HgSs)', 'Kanto (Lets Go)', 'Kanto (RGBY and FrLg)']"
107,Hitmonchan,"['Blueberry', 'Galar', 'Johto (GSC)', 'Johto (HgSs)', 'Kanto (Lets Go)', 'Kanto (RGBY and FrLg)']"
108,Lickitung,"['Alola (USUM)', 'Hisui ', 'Isle_of_Armor', 'Johto (GSC)', 'Johto (HgSs)', 'Kalos', 'Kanto (Lets Go)', 'Kanto (RGBY and FrLg)', 'Sinnoh (Pt)', 'Unova (B2W2)']"
109,Koffing,"['Galar', 'Hoenn (ORAS)', 'Hoenn (RSE)', 'Johto (GSC)', 'Johto (HgSs)', 'Kanto (Lets Go)', 'Kanto (RGBY and FrLg)', 'Kitakami', 'Unova (B2W2)']"
110,Weezing,"['Galar', 'Hoenn (ORAS)', 'Hoenn (RSE)', 'Johto (GSC)', 'Johto (HgSs)', 'Kanto (Lets Go)', 'Kanto (RGBY and FrLg)', 'Kitakami', 'Unova (B2W2)']"
111,Rhyhorn,"['Blueberry', 'Galar', 'Hisui ', 'Hoenn (ORAS)', 'Hoenn (RSE)', 'Isle_of_Armor', 'Johto (GSC)', 'Johto (HgSs)', 'Kalos', 'Kanto (Lets Go)', 'Kanto (RGBY and FrLg)', 'Sinnoh (Pt)']"
112,Rhydon,"['Blueberry', 'Galar', 'Hisui ', 'Hoenn (ORAS)', 'Hoenn (RSE)', 'Isle_of_Armor', 'Johto (GSC)', 'Johto (HgSs)', 'Kalos', 'Kanto (Lets Go)', 'Kanto (RGBY and FrLg)', 'Sinnoh (Pt)']"
113,Chansey,"['Alola (SM)', 'Alola (USUM)', 'Blueberry', 'DP', 'Hisui ', 'Isle_of_Armor', 'Johto (GSC)', 'Johto (HgSs)', 'Kanto (Lets Go)', 'Kanto (RGBY and FrLg)', 'Paldea', 'Sinnoh (BdSp)', 'Sinnoh (DP)', 'Sinnoh (Pt)']"
114,Tangela,"['Hisui ', 'Isle_of_Armor', 'Johto (GSC)', 'Johto (HgSs)', 'Kanto (Lets Go)', 'Kanto (RGBY and FrLg)', 'Sinnoh (Pt)', 'Unova (B2W2)']"
115,Kangaskhan,"['Alola (SM)', 'Alola (USUM)', 'Isle_of_Armor', 'Johto (GSC)', 'Johto (HgSs)', 'Kalos', 'Kanto (Lets Go)', 'Kanto (RGBY and FrLg)', 'Lumiose']"
116,Horsea,"['Blueberry', 'Hoenn (ORAS)', 'Hoenn (RSE)', 'Isle_of_Armor', 'Johto (GSC)', 'Johto (HgSs)', 'Kalos', 'Kanto (Lets Go)', 'Kanto (RGBY and FrLg)']"
117,Seadra,"['Blueberry', 'Hoenn (ORAS)', 'Hoenn (RSE)', 'Isle_of_Armor', 'Johto (GSC)', 'Johto (HgSs)', 'Kalos', 'Kanto (Lets Go)', 'Kanto (RGBY and FrLg)']"
118,Goldeen,"['Alola (SM)', 'Alola (USUM)', 'DP', 'Galar', 'Hoenn (ORAS)', 'Hoenn (RSE)', 'Isle_of_Armor', 'Johto (GSC)', 'Johto (HgSs)', 'Kalos', 'Kanto (Lets Go)', 'Kanto (RGBY and FrLg)', 'Sinnoh (BdSp)', 'Sinnoh (DP)', 'Sinnoh (Pt)']"
119,Seaking,"['Alola (SM)', 'Alola (USUM)', 'DP', 'Galar', 'Hoenn (ORAS)', 'Hoenn (RSE)', 'Isle_of_Armor', 'Johto (GSC)', 'Johto (HgSs)', 'Kalos', 'Kanto (Lets Go)', 'Kanto (RGBY and FrLg)', 'Sinnoh (BdSp)', 'Sinnoh (DP)', 'Sinnoh (Pt)']"
120,Staryu,"['Alola (SM)', 'Alola (USUM)', 'Hoenn (ORAS)', 'Hoenn (RSE)', 'Isle_of_Armor', 'Johto (GSC)', 'Johto (HgSs)', 'Kalos', 'Kanto (Lets Go)', 'Kanto (RGBY and FrLg)', 'Lumiose', 'Unova (B2W2)']"
121,Starmie,"['Alola (SM)', 'Alola (USUM)', 'Hoenn (ORAS)', 'Hoenn (RSE)', 'Isle_of_Armor', 'Johto (GSC)', 'Johto (HgSs)', 'Kalos', 'Kanto (Lets Go)', 'Kanto (RGBY and FrLg)', 'Lumiose', 'Unova (B2W2)']"
122,Mr. Mime,"['Alola (USUM)', 'Crown_Tundra', 'DP', 'Galar', 'Hisui ', 'Hyperspace', 'Johto (GSC)', 'Johto (HgSs)', 'Kalos', 'Kanto (Lets Go)', 'Kanto (RGBY and FrLg)', 'Sinnoh (BdSp)', 'Sinnoh (DP)', 'Sinnoh (Pt)']"
123,Scyther,"['Alola (SM)', 'Alola (USUM)', 'Blueberry', 'Hisui ', 'Isle_of_Armor', 'Johto (GSC)', 'Johto (HgSs)', 'Kalos', 'Kanto (Lets Go)', 'Kanto (RGBY and FrLg)', 'Lumiose', 'Paldea', 'Sinnoh (Pt)']"
124,Jynx,"['Alola (USUM)', 'Crown_Tundra', 'Johto (GSC)', 'Johto (HgSs)', 'Kalos', 'Kanto (Lets Go)', 'Kanto (RGBY and FrLg)']"
125,Electabuzz,"['Alola (SM)', 'Alola (USUM)', 'Blueberry', 'Crown_Tundra', 'Hisui ', 'Johto (GSC)', 'Johto (HgSs)', 'Kanto (Lets Go)', 'Kanto (RGBY and FrLg)', 'Sinnoh (Pt)', 'Unova (B2W2)']"
126,Magmar,"['Alola (SM)', 'Alola (USUM)', 'Blueberry', 'Crown_Tundra', 'Hisui ', 'Johto (GSC)', 'Johto (HgSs)', 'Kanto (Lets Go)', 'Kanto (RGBY and FrLg)', 'Sinnoh (Pt)', 'Unova (B2W2)']"
127,Pinsir,"['Alola (SM)', 'Alola (USUM)', 'Hoenn (ORAS)', 'Hoenn (RSE)', 'Isle_of_Armor', 'Johto (GSC)', 'Johto (HgSs)', 'Kalos', 'Kanto (Lets Go)', 'Kanto (RGBY and FrLg)', 'Lumiose', 'Unova (B2W2)']"
128,Tauros,"['Alola (SM)', 'Alola (USUM)', 'Blueberry', 'Isle_of_Armor', 'Johto (GSC)', 'Johto (HgSs)', 'Kalos', 'Kanto (Lets Go)', 'Kanto (RGBY and FrLg)', 'Paldea']"
129,Magikarp,"['Alola (SM)', 'Alola (USUM)', 'Crown_Tundra', 'DP', 'Galar', 'Hisui ', 'Hoenn (ORAS)', 'Hoenn (RSE)', 'Isle_of_Armor', 'Johto (GSC)', 'Johto (HgSs)', 'Kalos', 'Kanto (Lets Go)', 'Kanto (RGBY and FrLg)', 'Kitakami', 'Lumiose', 'Paldea', 'Sinnoh (BdSp)', 'Sinnoh (DP)', 'Sinnoh (Pt)']"
130,Gyarados,"['Alola (SM)', 'Alola (USUM)', 'Crown_Tundra', 'DP', 'Galar', 'Hisui ', 'Hoenn (ORAS)', 'Hoenn (RSE)', 'Isle_of_Armor', 'Johto (GSC)', 'Johto (HgSs)', 'Kalos', 'Kanto (Lets Go)', 'Kanto (RGBY and FrLg)', 'Kitakami', 'Lumiose', 'Paldea', 'Sinnoh (BdSp)', 'Sinnoh (DP)', 'Sinnoh (Pt)']"
131,Lapras,"['Alola (SM)', 'Alola (USUM)', 'Blueberry', 'Crown_Tundra', 'Galar', 'Johto (GSC)', 'Johto (HgSs)', 'Kalos', 'Kanto (Lets Go)', 'Kanto (RGBY and FrLg)', 'Unova (B2W2)']"
132,Ditto,"['Alola (SM)', 'Alola (USUM)', 'Galar', 'Isle_of_Armor', 'Johto (GSC)', 'Johto (HgSs)', 'Kalos', 'Kanto (Lets Go)', 'Kanto (RGBY and FrLg)', 'Paldea', 'Unova (B2W2)']"
133,Eevee,"['Alola (SM)', 'Alola (USUM)', 'Crown_Tundra', 'Galar', 'Hisui ', 'Johto (GSC)', 'Johto (HgSs)', 'Kalos', 'Kanto (Lets Go)', 'Kanto (RGBY and FrLg)', 'Lumiose', 'Paldea', 'Sinnoh (Pt)', 'Unova (B2W2)']"
134,Vaporeon,"['Alola (SM)', 'Alola (USUM)', 'Crown_Tundra', 'Galar', 'Hisui ', 'Johto (GSC)', 'Johto (HgSs)', 'Kalos', 'Kanto (Lets Go)', 'Kanto (RGBY and FrLg)', 'Lumiose', 'Paldea', 'Sinnoh (Pt)', 'Unova (B2W2)']"
135,Jolteon,"['Alola (SM)', 'Alola (USUM)', 'Crown_Tundra', 'Galar', 'Hisui ', 'Johto (GSC)', 'Johto (HgSs)', 'Kalos', 'Kanto (Lets Go)', 'Kanto (RGBY and FrLg)', 'Lumiose', 'Paldea', 'Sinnoh (Pt)', 'Unova (B2W2)']"
136,Flareon,"['Alola (SM)', 'Alola (USUM)', 'Crown_Tundra', 'Galar', 'Hisui ', 'Johto (GSC)', 'Johto (HgSs)', 'Kalos', 'Kanto (Lets Go)', 'Kanto (RGBY and FrLg)', 'Lumiose', 'Paldea', 'Sinnoh (Pt)', 'Unova (B2W2)']"
137,Porygon,"['Alola (SM)', 'Alola (USUM)', 'Blueberry', 'Hisui ', 'Hyperspace', 'Isle_of_Armor', 'Johto (GSC)', 'Johto (HgSs)', 'Kanto (Lets Go)', 'Kanto (RGBY and FrLg)', 'Sinnoh (Pt)']"
138,Omanyte,"['Alola (USUM)', 'Crown_Tundra', 'Johto (GSC)', 'Johto (HgSs)', 'Kanto (Lets Go)', 'Kanto (RGBY and FrLg)']"
139,Omastar,"['Alola (USUM)', 'Crown_Tundra', 'Johto (GSC)', 'Johto (HgSs)', 'Kanto (Lets Go)', 'Kanto (RGBY and FrLg)']"
140,Kabuto,"['Alola (USUM)', 'Crown_Tundra', 'Johto (GSC)', 'Johto (HgSs)', 'Kanto (Lets Go)', 'Kanto (RGBY and FrLg)']"
141,Kabutops,"['Alola (USUM)', 'Crown_Tundra', 'Johto (GSC)', 'Johto (HgSs)', 'Kanto (Lets Go)', 'Kanto (RGBY and FrLg)']"
142,Aerodactyl,"['Alola (SM)', 'Alola (USUM)', 'Crown_Tundra', 'Johto (GSC)', 'Johto (HgSs)', 'Kalos', 'Kanto (Lets Go)', 'Kanto (RGBY and FrLg)', 'Lumiose']"
143,Snorlax,"['Alola (SM)', 'Alola (USUM)', 'Crown_Tundra', 'DP', 'Galar', 'Hisui ', 'Johto (GSC)', 'Johto (HgSs)', 'Kalos', 'Kanto (Lets Go)', 'Kanto (RGBY and FrLg)', 'Kitakami', 'Sinnoh (BdSp)', 'Sinnoh (DP)', 'Sinnoh (Pt)']"
144,Articuno,"['Crown_Tundra', 'Johto (GSC)', 'Johto (HgSs)', 'Kalos', 'Kanto (Lets Go)', 'Kanto (RGBY and FrLg)']"
145,Zapdos,"['Crown_Tundra', 'Johto (GSC)', 'Johto (HgSs)', 'Kalos', 'Kanto (Lets Go)', 'Kanto (RGBY and FrLg)']"
146,Moltres,"['Crown_Tundra', 'Johto (GSC)', 'Johto (HgSs)', 'Kalos', 'Kanto (Lets Go)', 'Kanto (RGBY and FrLg)']"
147,Dratini,"['Alola (SM)', 'Alola (USUM)', 'Crown_Tundra', 'Johto (GSC)', 'Johto (HgSs)', 'Kalos', 'Kanto (Lets Go)', 'Kanto (RGBY and FrLg)', 'Lumiose', 'Paldea']"
148,Dragonair,"['Alola (SM)', 'Alola (USUM)', 'Crown_Tundra', 'Johto (GSC)', 'Johto (HgSs)', 'Kalos', 'Kanto (Lets Go)', 'Kanto (RGBY and FrLg)', 'Lumiose', 'Paldea']"
149,Dragonite,"['Alola (SM)', 'Alola (USUM)', 'Crown_Tundra', 'Johto (GSC)', 'Johto (HgSs)', 'Kalos', 'Kanto (Lets Go)', 'Kanto (RGBY and FrLg)', 'Lumiose', 'Paldea']"
150,Mewtwo,"['Johto (GSC)', 'Johto (HgSs)', 'Kalos', 'Kanto (Lets Go)', 'Kanto (RGBY and FrLg)', 'Lumiose']"
151,Mew,"['Johto (GSC)', 'Johto (HgSs)', 'Kanto (Lets Go)', 'Kanto (RGBY and FrLg)']"
152,Chikorita,"['Blueberry', 'Johto (GSC)', 'Johto (HgSs)', 'Lumiose']"
153,Bayleef,"['Blueberry', 'Johto (GSC)', 'Johto (HgSs)', 'Lumiose']"
154,Meganium,"['Blueberry', 'Johto (GSC)', 'Johto (HgSs)', 'Lumiose']"
155,Cyndaquil,"['Blueberry', 'Hisui ', 'Johto (GSC)', 'Johto (HgSs)']"
156,Quilava,"['Blueberry', 'Hisui ', 'Johto (GSC)', 'Johto (HgSs)']"
157,Typhlosion,"['Blueberry', 'Hisui ', 'Johto (GSC)', 'Johto (HgSs)']"
158,Totodile,"['Blueberry', 'Johto (GSC)', 'Johto (HgSs)', 'Lumiose']"
159,Croconaw,"['Blueberry', 'Johto (GSC)', 'Johto (HgSs)', 'Lumiose']"
160,Feraligatr,"['Blueberry', 'Johto (GSC)', 'Johto (HgSs)', 'Lumiose']"
161,Sentret,"['Johto (GSC)', 'Johto (HgSs)', 'Kalos', 'Kitakami']"
162,Furret,"['Johto (GSC)', 'Johto (HgSs)', 'Kalos', 'Kitakami']"
163,Hoothoot,"['Alola (USUM)', 'DP', 'Galar', 'Johto (GSC)', 'Johto (HgSs)', 'Kalos', 'Kitakami', 'Sinnoh (BdSp)', 'Sinnoh (DP)', 'Sinnoh (Pt)']"
164,Noctowl,"['Alola (USUM)', 'DP', 'Galar', 'Johto (GSC)', 'Johto (HgSs)', 'Kalos', 'Kitakami', 'Sinnoh (BdSp)', 'Sinnoh (DP)', 'Sinnoh (Pt)']"
165,Ledyba,"['Alola (SM)', 'Alola (USUM)', 'Johto (GSC)', 'Johto (HgSs)', 'Kalos']"
166,Ledian,"['Alola (SM)', 'Alola (USUM)', 'Johto (GSC)', 'Johto (HgSs)', 'Kalos']"
167,Spinarak,"['Alola (SM)', 'Alola (USUM)', 'Johto (GSC)', 'Johto (HgSs)', 'Kalos', 'Kitakami', 'Lumiose']"
168,Ariados,"['Alola (SM)', 'Alola (USUM)', 'Johto (GSC)', 'Johto (HgSs)', 'Kalos', 'Kitakami', 'Lumiose']"
169,Crobat,"['Alola (SM)', 'Alola (USUM)', 'Crown_Tundra', 'DP', 'Hisui ', 'Hoenn (ORAS)', 'Hoenn (RSE)', 'Hyperspace', 'Johto (GSC)', 'Johto (HgSs)', 'Kalos', 'Sinnoh (BdSp)', 'Sinnoh (DP)', 'Sinnoh (Pt)', 'Unova (B2W2)']"
170,Chinchou,"['Alola (SM)', 'Alola (USUM)', 'Blueberry', 'Galar', 'Hoenn (ORAS)', 'Hoenn (RSE)', 'Isle_of_Armor', 'Johto (GSC)', 'Johto (HgSs)', 'Kalos']"
171,Lanturn,"['Alola (SM)', 'Alola (USUM)', 'Blueberry', 'Galar', 'Hoenn (ORAS)', 'Hoenn (RSE)', 'Isle_of_Armor', 'Johto (GSC)', 'Johto (HgSs)', 'Kalos']"
172,Pichu,"['Alola (SM)', 'Alola (USUM)', 'DP', 'Galar', 'Hisui ', 'Hoenn (ORAS)', 'Hoenn (RSE)', 'Isle_of_Armor', 'Johto (GSC)', 'Johto (HgSs)', 'Kalos', 'Kitakami', 'Lumiose', 'Paldea', 'Sinnoh (BdSp)', 'Sinnoh (DP)', 'Sinnoh (Pt)']"
173,Cleffa,"['Alola (SM)', 'Alola (USUM)', 'Crown_Tundra', 'DP', 'Galar', 'Hisui ', 'Johto (GSC)', 'Johto (HgSs)', 'Kitakami', 'Lumiose', 'Sinnoh (BdSp)', 'Sinnoh (DP)', 'Sinnoh (Pt)', 'Unova (B2W2)']"
174,Igglybuff,"['Alola (SM)', 'Alola (USUM)', 'Hoenn (ORAS)', 'Hoenn (RSE)', 'Hyperspace', 'Isle_of_Armor', 'Johto (GSC)', 'Johto (HgSs)', 'Kalos', 'Paldea', 'Unova (B2W2)']"
175,Togepi,"['Galar', 'Hisui ', 'Johto (GSC)', 'Johto (HgSs)', 'Sinnoh (Pt)']"
176,Togetic,"['Galar', 'Hisui ', 'Johto (GSC)', 'Johto (HgSs)', 'Sinnoh (Pt)']"
177,Natu,"['Alola (USUM)', 'Galar', 'Hoenn (ORAS)', 'Hoenn (RSE)', 'Johto (GSC)', 'Johto (HgSs)']"
178,Xatu,"['Alola (USUM)', 'Galar', 'Hoenn (ORAS)', 'Hoenn (RSE)', 'Johto (GSC)', 'Johto (HgSs)']"
179,Mareep,"['Alola (USUM)', 'Johto (GSC)', 'Johto (HgSs)', 'Kalos', 'Lumiose', 'Paldea', 'Unova (B2W2)']"
180,Flaaffy,"['Alola (USUM)', 'Johto (GSC)', 'Johto (HgSs)', 'Kalos', 'Lumiose', 'Paldea', 'Unova (B2W2)']"
181,Ampharos,"['Alola (USUM)', 'Johto (GSC)', 'Johto (HgSs)', 'Kalos', 'Lumiose', 'Paldea', 'Unova (B2W2)']"
182,Bellossom,"['Blueberry', 'Galar', 'Hoenn (ORAS)', 'Hoenn (RSE)', 'Johto (GSC)', 'Johto (HgSs)', 'Kalos']"
183,Marill,"['DP', 'Hoenn (ORAS)', 'Hoenn (RSE)', 'Isle_of_Armor', 'Johto (GSC)', 'Johto (HgSs)', 'Kalos', 'Paldea', 'Sinnoh (BdSp)', 'Sinnoh (DP)', 'Sinnoh (Pt)', 'Unova (B2W2)']"
184,Azumarill,"['DP', 'Hoenn (ORAS)', 'Hoenn (RSE)', 'Isle_of_Armor', 'Johto (GSC)', 'Johto (HgSs)', 'Kalos', 'Paldea', 'Sinnoh (BdSp)', 'Sinnoh (DP)', 'Sinnoh (Pt)', 'Unova (B2W2)']"
185,Sudowoodo,"['Alola (SM)', 'Alola (USUM)', 'DP', 'Galar', 'Hisui ', 'Johto (GSC)', 'Johto (HgSs)', 'Kalos', 'Kitakami', 'Paldea', 'Sinnoh (BdSp)', 'Sinnoh (DP)', 'Sinnoh (Pt)']"
186,Politoed,"['Alola (SM)', 'Alola (USUM)', 'Isle_of_Armor', 'Johto (GSC)', 'Johto (HgSs)', 'Kalos', 'Kitakami']"
187,Hoppip,"['Johto (GSC)', 'Johto (HgSs)', 'Kalos', 'Paldea']"
188,Skiploom,"['Johto (GSC)', 'Johto (HgSs)', 'Kalos', 'Paldea']"
189,Jumpluff,"['Johto (GSC)', 'Johto (HgSs)', 'Kalos', 'Paldea']"
190,Aipom,"['Alola (USUM)', 'DP', 'Hisui ', 'Johto (GSC)', 'Johto (HgSs)', 'Kitakami', 'Sinnoh (BdSp)', 'Sinnoh (DP)', 'Sinnoh (Pt)']"
191,Sunkern,"['Johto (GSC)', 'Johto (HgSs)', 'Paldea', 'Unova (B2W2)']"
192,Sunflora,"['Johto (GSC)', 'Johto (HgSs)', 'Paldea', 'Unova (B2W2)']"
193,Yanma,"['Hisui ', 'Johto (GSC)', 'Johto (HgSs)', 'Kalos', 'Kitakami', 'Sinnoh (Pt)', 'Unova (B2W2)']"
194,Wooper,"['DP', 'Galar', 'Isle_of_Armor', 'Johto (GSC)', 'Johto (HgSs)', 'Kalos', 'Kitakami', 'Paldea', 'Sinnoh (BdSp)', 'Sinnoh (DP)', 'Sinnoh (Pt)']"
195,Quagsire,"['DP', 'Galar', 'Isle_of_Armor', 'Johto (GSC)', 'Johto (HgSs)', 'Kalos', 'Kitakami', 'Sinnoh (BdSp)', 'Sinnoh (DP)', 'Sinnoh (Pt)']"
196,Espeon,"['Alola (SM)', 'Alola (USUM)', 'Crown_Tundra', 'Galar', 'Hisui ', 'Johto (GSC)', 'Johto (HgSs)', 'Kalos', 'Lumiose', 'Paldea', 'Sinnoh (Pt)', 'Unova (B2W2)']"
197,Umbreon,"['Alola (SM)', 'Alola (USUM)', 'Crown_Tundra', 'Galar', 'Hisui ', 'Johto (GSC)', 'Johto (HgSs)', 'Kalos', 'Lumiose', 'Paldea', 'Sinnoh (Pt)', 'Unova (B2W2)']"
198,Murkrow,"['Alola (SM)', 'Alola (USUM)', 'DP', 'Hisui ', 'Johto (GSC)', 'Johto (HgSs)', 'Kalos', 'Paldea', 'Sinnoh (BdSp)', 'Sinnoh (DP)', 'Sinnoh (Pt)']"
199,Slowking,"['Alola (SM)', 'Alola (USUM)', 'Blueberry', 'Isle_of_Armor', 'Johto (GSC)', 'Johto (HgSs)', 'Kalos', 'Lumiose', 'Paldea']"
200,Misdreavus,"['Alola (SM)', 'Alola (USUM)', 'DP', 'Hisui ', 'Johto (GSC)', 'Johto (HgSs)', 'Paldea', 'Sinnoh (BdSp)', 'Sinnoh (DP)', 'Sinnoh (Pt)']"
201,Unown,"['DP', 'Hisui ', 'Johto (GSC)', 'Johto (HgSs)', 'Sinnoh (BdSp)', 'Sinnoh (DP)', 'Sinnoh (Pt)']"
202,Wobbuffet,"['Galar', 'Hoenn (ORAS)', 'Hoenn (RSE)', 'Johto (GSC)', 'Johto (HgSs)', 'Kalos']"
203,Girafarig,"['Blueberry', 'DP', 'Hoenn (ORAS)', 'Hoenn (RSE)', 'Johto (GSC)', 'Johto (HgSs)', 'Paldea', 'Sinnoh (BdSp)', 'Sinnoh (DP)', 'Sinnoh (Pt)']"
204,Pineco,"['Alola (USUM)', 'Johto (GSC)', 'Johto (HgSs)', 'Paldea']"
205,Forretress,"['Alola (USUM)', 'Johto (GSC)', 'Johto (HgSs)', 'Paldea']"
206,Dunsparce,"['Alola (USUM)', 'Isle_of_Armor', 'Johto (GSC)', 'Johto (HgSs)', 'Kalos', 'Kitakami', 'Paldea', 'Unova (B2W2)']"
207,Gligar,"['Hisui ', 'Johto (GSC)', 'Johto (HgSs)', 'Kalos', 'Kitakami', 'Sinnoh (Pt)', 'Unova (B2W2)']"
208,Steelix,"['DP', 'Galar', 'Hisui ', 'Johto (GSC)', 'Johto (HgSs)', 'Kalos', 'Lumiose', 'Sinnoh (BdSp)', 'Sinnoh (DP)', 'Sinnoh (Pt)', 'Unova (B2W2)']"
209,Snubbull,"['Alola (SM)', 'Alola (USUM)', 'Blueberry', 'Johto (GSC)', 'Johto (HgSs)', 'Kalos']"
210,Granbull,"['Alola (SM)', 'Alola (USUM)', 'Blueberry', 'Johto (GSC)', 'Johto (HgSs)', 'Kalos']"
211,Qwilfish,"['Blueberry', 'Galar', 'Hisui ', 'Hyperspace', 'Johto (GSC)', 'Johto (HgSs)', 'Kalos', 'Paldea']"
212,Scizor,"['Alola (SM)', 'Alola (USUM)', 'Blueberry', 'Hisui ', 'Isle_of_Armor', 'Johto (GSC)', 'Johto (HgSs)', 'Kalos', 'Lumiose', 'Paldea', 'Sinnoh (Pt)']"
213,Shuckle,"['Crown_Tundra', 'Galar', 'Johto (GSC)', 'Johto (HgSs)', 'Kalos', 'Unova (B2W2)']"
214,Heracross,"['Alola (USUM)', 'DP', 'Hisui ', 'Hoenn (ORAS)', 'Hoenn (RSE)', 'Isle_of_Armor', 'Johto (GSC)', 'Johto (HgSs)', 'Kalos', 'Kitakami', 'Lumiose', 'Paldea', 'Sinnoh (BdSp)', 'Sinnoh (DP)', 'Sinnoh (Pt)', 'Unova (B2W2)']"
215,Sneasel,"['Alola (SM)', 'Alola (USUM)', 'Crown_Tundra', 'DP', 'Galar', 'Hisui ', 'Johto (GSC)', 'Johto (HgSs)', 'Kalos', 'Kitakami', 'Paldea', 'Sinnoh (BdSp)', 'Sinnoh (DP)', 'Sinnoh (Pt)', 'Unova (B2W2)']"
216,Teddiursa,"['Hisui ', 'Johto (GSC)', 'Johto (HgSs)', 'Kalos', 'Paldea']"
217,Ursaring,"['Hisui ', 'Johto (GSC)', 'Johto (HgSs)', 'Kalos', 'Paldea']"
218,Slugma,"['Hoenn (ORAS)', 'Hoenn (RSE)', 'Johto (GSC)', 'Johto (HgSs)', 'Kalos', 'Kitakami']"
219,Magcargo,"['Hoenn (ORAS)', 'Hoenn (RSE)', 'Johto (GSC)', 'Johto (HgSs)', 'Kalos', 'Kitakami']"
220,Swinub,"['Crown_Tundra', 'Galar', 'Hisui ', 'Johto (GSC)', 'Johto (HgSs)', 'Kalos', 'Kitakami', 'Sinnoh (Pt)', 'Unova (B2W2)']"
221,Piloswine,"['Crown_Tundra', 'Galar', 'Hisui ', 'Johto (GSC)', 'Johto (HgSs)', 'Kalos', 'Kitakami', 'Sinnoh (Pt)', 'Unova (B2W2)']"
222,Corsola,"['Alola (SM)', 'Alola (USUM)', 'Galar', 'Hoenn (ORAS)', 'Hoenn (RSE)', 'Johto (GSC)', 'Johto (HgSs)', 'Kalos', 'Unova (B2W2)']"
223,Remoraid,"['Alola (USUM)', 'DP', 'Galar', 'Hisui ', 'Isle_of_Armor', 'Johto (GSC)', 'Johto (HgSs)', 'Kalos', 'Sinnoh (BdSp)', 'Sinnoh (DP)', 'Sinnoh (Pt)', 'Unova (B2W2)']"
224,Octillery,"['Alola (USUM)', 'DP', 'Galar', 'Hisui ', 'Isle_of_Armor', 'Johto (GSC)', 'Johto (HgSs)', 'Kalos', 'Sinnoh (BdSp)', 'Sinnoh (DP)', 'Sinnoh (Pt)', 'Unova (B2W2)']"
225,Delibird,"['Alola (SM)', 'Alola (USUM)', 'Crown_Tundra', 'Galar', 'Johto (GSC)', 'Johto (HgSs)', 'Kalos', 'Lumiose', 'Paldea', 'Unova (B2W2)']"
226,Mantine,"['Alola (USUM)', 'DP', 'Galar', 'Hisui ', 'Isle_of_Armor', 'Johto (GSC)', 'Johto (HgSs)', 'Kalos', 'Sinnoh (BdSp)', 'Sinnoh (DP)', 'Sinnoh (Pt)', 'Unova (B2W2)']"
227,Skarmory,"['Alola (SM)', 'Alola (USUM)', 'Blueberry', 'Hoenn (ORAS)', 'Hoenn (RSE)', 'Isle_of_Armor', 'Johto (GSC)', 'Johto (HgSs)', 'Kalos', 'Lumiose', 'Unova (B2W2)']"
228,Houndour,"['Alola (USUM)', 'Johto (GSC)', 'Johto (HgSs)', 'Kalos', 'Kitakami', 'Lumiose', 'Paldea', 'Sinnoh (Pt)']"
229,Houndoom,"['Alola (USUM)', 'Johto (GSC)', 'Johto (HgSs)', 'Kalos', 'Kitakami', 'Lumiose', 'Paldea', 'Sinnoh (Pt)']"
230,Kingdra,"['Blueberry', 'Hoenn (ORAS)', 'Hoenn (RSE)', 'Isle_of_Armor', 'Johto (GSC)', 'Johto (HgSs)', 'Kalos']"
231,Phanpy,"['Hoenn (ORAS)', 'Hoenn (RSE)', 'Johto (GSC)', 'Johto (HgSs)', 'Paldea']"
232,Donphan,"['Hoenn (ORAS)', 'Hoenn (RSE)', 'Johto (GSC)', 'Johto (HgSs)', 'Paldea']"
233,Porygon2,"['Alola (SM)', 'Alola (USUM)', 'Blueberry', 'Hisui ', 'Hyperspace', 'Isle_of_Armor', 'Johto (GSC)', 'Johto (HgSs)', 'Sinnoh (Pt)']"
234,Stantler,"['Hisui ', 'Johto (GSC)', 'Johto (HgSs)', 'Kitakami', 'Paldea']"
235,Smeargle,"['Alola (SM)', 'Alola (USUM)', 'Blueberry', 'Johto (GSC)', 'Johto (HgSs)', 'Kalos']"
236,Tyrogue,"['Blueberry', 'Galar', 'Johto (GSC)', 'Johto (HgSs)']"
237,Hitmontop,"['Blueberry', 'Galar', 'Johto (GSC)', 'Johto (HgSs)']"
238,Smoochum,"['Alola (USUM)', 'Crown_Tundra', 'Johto (GSC)', 'Johto (HgSs)', 'Kalos']"
239,Elekid,"['Alola (SM)', 'Alola (USUM)', 'Blueberry', 'Crown_Tundra', 'Hisui ', 'Johto (GSC)', 'Johto (HgSs)', 'Sinnoh (Pt)', 'Unova (B2W2)']"
240,Magby,"['Alola (SM)', 'Alola (USUM)', 'Blueberry', 'Crown_Tundra', 'Hisui ', 'Johto (GSC)', 'Johto (HgSs)', 'Sinnoh (Pt)', 'Unova (B2W2)']"
241,Miltank,"['Alola (SM)', 'Alola (USUM)', 'Isle_of_Armor', 'Johto (GSC)', 'Johto (HgSs)', 'Kalos']"
242,Blissey,"['Alola (SM)', 'Alola (USUM)', 'Blueberry', 'DP', 'Hisui ', 'Isle_of_Armor', 'Johto (GSC)', 'Johto (HgSs)', 'Paldea', 'Sinnoh (BdSp)', 'Sinnoh (DP)', 'Sinnoh (Pt)']"
243,Raikou,"['Johto (GSC)', 'Johto (HgSs)']"
244,Entei,"['Johto (GSC)', 'Johto (HgSs)']"
245,Suicune,"['Johto (GSC)', 'Johto (HgSs)']"
246,Larvitar,"['Alola (USUM)', 'Crown_Tundra', 'Galar', 'Johto (GSC)', 'Johto (HgSs)', 'Kalos', 'Lumiose', 'Paldea', 'Unova (B2W2)']"
247,Pupitar,"['Alola (USUM)', 'Crown_Tundra', 'Galar', 'Johto (GSC)', 'Johto (HgSs)', 'Kalos', 'Lumiose', 'Paldea', 'Unova (B2W2)']"
248,Tyranitar,"['Alola (USUM)', 'Crown_Tundra', 'Galar', 'Johto (GSC)', 'Johto (HgSs)', 'Kalos', 'Lumiose', 'Paldea', 'Unova (B2W2)']"
249,Lugia,"['Johto (GSC)', 'Johto (HgSs)']"
250,Ho-Oh,"['Johto (GSC)', 'Johto (HgSs)']"
251,Celebi,"['Johto (GSC)', 'Johto (HgSs)']"
252,Treecko,"['Blueberry', 'Hoenn (ORAS)', 'Hoenn (RSE)', 'Hyperspace']"
253,Grovyle,"['Blueberry', 'Hoenn (ORAS)', 'Hoenn (RSE)', 'Hyperspace']"
254,Sceptile,"['Blueberry', 'Hoenn (ORAS)', 'Hoenn (RSE)', 'Hyperspace']"
255,Torchic,"['Blueberry', 'Hoenn (ORAS)', 'Hoenn (RSE)', 'Hyperspace']"
256,Combusken,"['Blueberry', 'Hoenn (ORAS)', 'Hoenn (RSE)', 'Hyperspace']"
257,Blaziken,"['Blueberry', 'Hoenn (ORAS)', 'Hoenn (RSE)', 'Hyperspace']"
258,Mudkip,"['Blueberry', 'Hoenn (ORAS)', 'Hoenn (RSE)', 'Hyperspace']"
259,Marshtomp,"['Blueberry', 'Hoenn (ORAS)', 'Hoenn (RSE)', 'Hyperspace']"
260,Swampert,"['Blueberry', 'Hoenn (ORAS)', 'Hoenn (RSE)', 'Hyperspace']"
261,Poochyena,"['Hoenn (ORAS)', 'Hoenn (RSE)', 'Kalos', 'Kitakami']"
262,Mightyena,"['Hoenn (ORAS)', 'Hoenn (RSE)', 'Kalos', 'Kitakami']"
263,Zigzagoon,"['Crown_Tundra', 'Galar', 'Hoenn (ORAS)', 'Hoenn (RSE)', 'Kalos']"
264,Linoone,"['Crown_Tundra', 'Galar', 'Hoenn (ORAS)', 'Hoenn (RSE)', 'Kalos']"
265,Wurmple,"['DP', 'Hisui ', 'Hoenn (ORAS)', 'Hoenn (RSE)', 'Sinnoh (BdSp)', 'Sinnoh (DP)', 'Sinnoh (Pt)']"
266,Silcoon,"['DP', 'Hisui ', 'Hoenn (ORAS)', 'Hoenn (RSE)', 'Sinnoh (BdSp)', 'Sinnoh (DP)', 'Sinnoh (Pt)']"
267,Beautifly,"['DP', 'Hisui ', 'Hoenn (ORAS)', 'Hoenn (RSE)', 'Sinnoh (BdSp)', 'Sinnoh (DP)', 'Sinnoh (Pt)']"
268,Cascoon,"['DP', 'Hisui ', 'Hoenn (ORAS)', 'Hoenn (RSE)', 'Sinnoh (BdSp)', 'Sinnoh (DP)', 'Sinnoh (Pt)']"
269,Dustox,"['DP', 'Hisui ', 'Hoenn (ORAS)', 'Hoenn (RSE)', 'Sinnoh (BdSp)', 'Sinnoh (DP)', 'Sinnoh (Pt)']"
270,Lotad,"['Galar', 'Hoenn (ORAS)', 'Hoenn (RSE)', 'Kalos', 'Kitakami']"
271,Lombre,"['Galar', 'Hoenn (ORAS)', 'Hoenn (RSE)', 'Kalos', 'Kitakami']"
272,Ludicolo,"['Galar', 'Hoenn (ORAS)', 'Hoenn (RSE)', 'Kalos', 'Kitakami']"
273,Seedot,"['Galar', 'Hoenn (ORAS)', 'Hoenn (RSE)', 'Kitakami']"
274,Nuzleaf,"['Galar', 'Hoenn (ORAS)', 'Hoenn (RSE)', 'Kitakami']"
275,Shiftry,"['Galar', 'Hoenn (ORAS)', 'Hoenn (RSE)', 'Kitakami']"
276,Taillow,"['Hoenn (ORAS)', 'Hoenn (RSE)', 'Kalos']"
277,Swellow,"['Hoenn (ORAS)', 'Hoenn (RSE)', 'Kalos']"
278,Wingull,"['Alola (SM)', 'Alola (USUM)', 'DP', 'Galar', 'Hoenn (ORAS)', 'Hoenn (RSE)', 'Isle_of_Armor', 'Kalos', 'Paldea', 'Sinnoh (BdSp)', 'Sinnoh (DP)', 'Sinnoh (Pt)', 'Unova (B2W2)']"
279,Pelipper,"['Alola (SM)', 'Alola (USUM)', 'DP', 'Galar', 'Hoenn (ORAS)', 'Hoenn (RSE)', 'Isle_of_Armor', 'Kalos', 'Paldea', 'Sinnoh (BdSp)', 'Sinnoh (DP)', 'Sinnoh (Pt)', 'Unova (B2W2)']"
280,Ralts,"['Galar', 'Hisui ', 'Hoenn (ORAS)', 'Hoenn (RSE)', 'Isle_of_Armor', 'Kalos', 'Kitakami', 'Lumiose', 'Paldea', 'Sinnoh (Pt)']"
281,Kirlia,"['Galar', 'Hisui ', 'Hoenn (ORAS)', 'Hoenn (RSE)', 'Isle_of_Armor', 'Kalos', 'Kitakami', 'Lumiose', 'Paldea', 'Sinnoh (Pt)']"
282,Gardevoir,"['Galar', 'Hisui ', 'Hoenn (ORAS)', 'Hoenn (RSE)', 'Isle_of_Armor', 'Kalos', 'Kitakami', 'Lumiose', 'Paldea', 'Sinnoh (Pt)']"
283,Surskit,"['Alola (SM)', 'Alola (USUM)', 'Hoenn (ORAS)', 'Hoenn (RSE)', 'Kalos', 'Kitakami', 'Paldea']"
284,Masquerain,"['Alola (SM)', 'Alola (USUM)', 'Hoenn (ORAS)', 'Hoenn (RSE)', 'Kalos', 'Kitakami', 'Paldea']"
285,Shroomish,"['Hoenn (ORAS)', 'Hoenn (RSE)', 'Paldea']"
286,Breloom,"['Hoenn (ORAS)', 'Hoenn (RSE)', 'Paldea']"
287,Slakoth,"['Blueberry', 'Hoenn (ORAS)', 'Hoenn (RSE)', 'Paldea', 'Unova (B2W2)']"
288,Vigoroth,"['Blueberry', 'Hoenn (ORAS)', 'Hoenn (RSE)', 'Paldea', 'Unova (B2W2)']"
289,Slaking,"['Blueberry', 'Hoenn (ORAS)', 'Hoenn (RSE)', 'Paldea', 'Unova (B2W2)']"
290,Nincada,"['Galar', 'Hoenn (ORAS)', 'Hoenn (RSE)', 'Kalos']"
291,Ninjask,"['Galar', 'Hoenn (ORAS)', 'Hoenn (RSE)', 'Kalos']"
292,Shedinja,"['Galar', 'Hoenn (ORAS)', 'Hoenn (RSE)', 'Kalos']"
293,Whismur,"['Hoenn (ORAS)', 'Hoenn (RSE)', 'Isle_of_Armor', 'Kalos']"
294,Loudred,"['Hoenn (ORAS)', 'Hoenn (RSE)', 'Isle_of_Armor', 'Kalos']"
295,Exploud,"['Hoenn (ORAS)', 'Hoenn (RSE)', 'Isle_of_Armor', 'Kalos']"
296,Makuhita,"['Alola (SM)', 'Alola (USUM)', 'Hoenn (ORAS)', 'Hoenn (RSE)', 'Kalos', 'Paldea']"
297,Hariyama,"['Alola (SM)', 'Alola (USUM)', 'Hoenn (ORAS)', 'Hoenn (RSE)', 'Kalos', 'Paldea']"
298,Azurill,"['DP', 'Hoenn (ORAS)', 'Hoenn (RSE)', 'Isle_of_Armor', 'Kalos', 'Paldea', 'Sinnoh (BdSp)', 'Sinnoh (DP)', 'Sinnoh (Pt)', 'Unova (B2W2)']"
299,Nosepass,"['Alola (SM)', 'Alola (USUM)', 'Hisui ', 'Hoenn (ORAS)', 'Hoenn (RSE)', 'Kalos', 'Kitakami', 'Sinnoh (Pt)', 'Unova (B2W2)']"
300,Skitty,"['Hoenn (ORAS)', 'Hoenn (RSE)', 'Kalos', 'Unova (B2W2)']"
301,Delcatty,"['Hoenn (ORAS)', 'Hoenn (RSE)', 'Kalos', 'Unova (B2W2)']"
302,Sableye,"['Alola (SM)', 'Alola (USUM)', 'Crown_Tundra', 'Galar', 'Hoenn (ORAS)', 'Hoenn (RSE)', 'Kalos', 'Lumiose', 'Paldea']"
303,Mawile,"['Alola (USUM)', 'Crown_Tundra', 'Galar', 'Hoenn (ORAS)', 'Hoenn (RSE)', 'Kalos', 'Lumiose']"
304,Aron,"['Crown_Tundra', 'Hoenn (ORAS)', 'Hoenn (RSE)', 'Kalos', 'Lumiose', 'Unova (B2W2)']"
305,Lairon,"['Crown_Tundra', 'Hoenn (ORAS)', 'Hoenn (RSE)', 'Kalos', 'Lumiose', 'Unova (B2W2)']"
306,Aggron,"['Crown_Tundra', 'Hoenn (ORAS)', 'Hoenn (RSE)', 'Kalos', 'Lumiose', 'Unova (B2W2)']"
307,Meditite,"['DP', 'Hoenn (ORAS)', 'Hoenn (RSE)', 'Kalos', 'Lumiose', 'Paldea', 'Sinnoh (BdSp)', 'Sinnoh (DP)', 'Sinnoh (Pt)']"
308,Medicham,"['DP', 'Hoenn (ORAS)', 'Hoenn (RSE)', 'Kalos', 'Lumiose', 'Paldea', 'Sinnoh (BdSp)', 'Sinnoh (DP)', 'Sinnoh (Pt)']"
309,Electrike,"['Alola (USUM)', 'Galar', 'Hoenn (ORAS)', 'Hoenn (RSE)', 'Kalos', 'Lumiose']"
310,Manectric,"['Alola (USUM)', 'Galar', 'Hoenn (ORAS)', 'Hoenn (RSE)', 'Kalos', 'Lumiose']"
311,Plusle,"['Blueberry', 'Hoenn (ORAS)', 'Hoenn (RSE)', 'Kalos']"
312,Minun,"['Blueberry', 'Hoenn (ORAS)', 'Hoenn (RSE)', 'Kalos']"
313,Volbeat,"['Hoenn (ORAS)', 'Hoenn (RSE)', 'Kalos', 'Kitakami']"
314,Illumise,"['Hoenn (ORAS)', 'Hoenn (RSE)', 'Kalos', 'Kitakami']"
315,Roselia,"['DP', 'Galar', 'Hisui ', 'Hoenn (ORAS)', 'Hoenn (RSE)', 'Kalos', 'Lumiose', 'Sinnoh (BdSp)', 'Sinnoh (DP)', 'Sinnoh (Pt)', 'Unova (B2W2)']"
316,Gulpin,"['Hoenn (ORAS)', 'Hoenn (RSE)', 'Hyperspace', 'Kalos', 'Paldea']"
317,Swalot,"['Hoenn (ORAS)', 'Hoenn (RSE)', 'Hyperspace', 'Kalos', 'Paldea']"
318,Carvanha,"['Alola (SM)', 'Alola (USUM)', 'Hoenn (ORAS)', 'Hoenn (RSE)', 'Isle_of_Armor', 'Kalos', 'Lumiose']"
319,Sharpedo,"['Alola (SM)', 'Alola (USUM)', 'Hoenn (ORAS)', 'Hoenn (RSE)', 'Isle_of_Armor', 'Kalos', 'Lumiose']"
320,Wailmer,"['Alola (SM)', 'Alola (USUM)', 'Galar', 'Hoenn (ORAS)', 'Hoenn (RSE)', 'Isle_of_Armor', 'Kalos', 'Unova (B2W2)']"
321,Wailord,"['Alola (SM)', 'Alola (USUM)', 'Galar', 'Hoenn (ORAS)', 'Hoenn (RSE)', 'Isle_of_Armor', 'Kalos', 'Unova (B2W2)']"
322,Numel,"['Blueberry', 'Hoenn (ORAS)', 'Hoenn (RSE)', 'Lumiose', 'Paldea', 'Unova (B2W2)']"
323,Camerupt,"['Blueberry', 'Hoenn (ORAS)', 'Hoenn (RSE)', 'Lumiose', 'Paldea', 'Unova (B2W2)']"
324,Torkoal,"['Alola (SM)', 'Alola (USUM)', 'Blueberry', 'Galar', 'Hoenn (ORAS)', 'Hoenn (RSE)', 'Isle_of_Armor', 'Kalos', 'Paldea']"
325,Spoink,"['Hoenn (ORAS)', 'Hoenn (RSE)', 'Hyperspace', 'Kalos', 'Kitakami', 'Paldea', 'Unova (B2W2)']"
326,Grumpig,"['Hoenn (ORAS)', 'Hoenn (RSE)', 'Hyperspace', 'Kalos', 'Kitakami', 'Paldea', 'Unova (B2W2)']"
327,Spinda,"['Alola (SM)', 'Alola (USUM)', 'Hoenn (ORAS)', 'Hoenn (RSE)', 'Kalos']"
328,Trapinch,"['Alola (SM)', 'Alola (USUM)', 'Blueberry', 'Galar', 'Hoenn (ORAS)', 'Hoenn (RSE)', 'Kalos', 'Unova (B2W2)']"
329,Vibrava,"['Alola (SM)', 'Alola (USUM)', 'Blueberry', 'Galar', 'Hoenn (ORAS)', 'Hoenn (RSE)', 'Kalos', 'Unova (B2W2)']"
330,Flygon,"['Alola (SM)', 'Alola (USUM)', 'Blueberry', 'Galar', 'Hoenn (ORAS)', 'Hoenn (RSE)', 'Kalos', 'Unova (B2W2)']"
331,Cacnea,"['Hoenn (ORAS)', 'Hoenn (RSE)', 'Paldea']"
332,Cacturne,"['Hoenn (ORAS)', 'Hoenn (RSE)', 'Paldea']"
333,Swablu,"['Blueberry', 'Crown_Tundra', 'Hoenn (ORAS)', 'Hoenn (RSE)', 'Kalos', 'Lumiose', 'Paldea', 'Sinnoh (Pt)', 'Unova (B2W2)']"
334,Altaria,"['Blueberry', 'Crown_Tundra', 'Hoenn (ORAS)', 'Hoenn (RSE)', 'Kalos', 'Lumiose', 'Paldea', 'Sinnoh (Pt)', 'Unova (B2W2)']"
335,Zangoose,"['Blueberry', 'Hoenn (ORAS)', 'Hoenn (RSE)', 'Hyperspace', 'Kalos', 'Paldea', 'Unova (B2W2)']"
336,Seviper,"['Blueberry', 'Hoenn (ORAS)', 'Hoenn (RSE)', 'Hyperspace', 'Kalos', 'Paldea', 'Unova (B2W2)']"
337,Lunatone,"['Galar', 'Hoenn (ORAS)', 'Hoenn (RSE)', 'Kalos', 'Unova (B2W2)']"
338,Solrock,"['Galar', 'Hoenn (ORAS)', 'Hoenn (RSE)', 'Kalos', 'Unova (B2W2)']"
339,Barboach,"['Alola (SM)', 'Alola (USUM)', 'Crown_Tundra', 'DP', 'Galar', 'Hisui ', 'Hoenn (ORAS)', 'Hoenn (RSE)', 'Isle_of_Armor', 'Kalos', 'Kitakami', 'Paldea', 'Sinnoh (BdSp)', 'Sinnoh (DP)', 'Sinnoh (Pt)']"
340,Whiscash,"['Alola (SM)', 'Alola (USUM)', 'Crown_Tundra', 'DP', 'Galar', 'Hisui ', 'Hoenn (ORAS)', 'Hoenn (RSE)', 'Isle_of_Armor', 'Kalos', 'Kitakami', 'Paldea', 'Sinnoh (BdSp)', 'Sinnoh (DP)', 'Sinnoh (Pt)']"
341,Corphish,"['Alola (USUM)', 'Galar', 'Hoenn (ORAS)', 'Hoenn (RSE)', 'Isle_of_Armor', 'Kalos', 'Kitakami', 'Unova (B2W2)']"
342,Crawdaunt,"['Alola (USUM)', 'Galar', 'Hoenn (ORAS)', 'Hoenn (RSE)', 'Isle_of_Armor', 'Kalos', 'Kitakami', 'Unova (B2W2)']"
343,Baltoy,"['Alola (USUM)', 'Crown_Tundra', 'Galar', 'Hoenn (ORAS)', 'Hoenn (RSE)', 'Unova (B2W2)']"
344,Claydol,"['Alola (USUM)', 'Crown_Tundra', 'Galar', 'Hoenn (ORAS)', 'Hoenn (RSE)', 'Unova (B2W2)']"
345,Lileep,"['Alola (USUM)', 'Crown_Tundra', 'Hoenn (ORAS)', 'Hoenn (RSE)']"
346,Cradily,"['Alola (USUM)', 'Crown_Tundra', 'Hoenn (ORAS)', 'Hoenn (RSE)']"
347,Anorith,"['Alola (USUM)', 'Crown_Tundra', 'Hoenn (ORAS)', 'Hoenn (RSE)']"
348,Armaldo,"['Alola (USUM)', 'Crown_Tundra', 'Hoenn (ORAS)', 'Hoenn (RSE)']"
349,Feebas,"['Alola (SM)', 'Alola (USUM)', 'Crown_Tundra', 'DP', 'Galar', 'Hoenn (ORAS)', 'Hoenn (RSE)', 'Hyperspace', 'Kitakami', 'Sinnoh (BdSp)', 'Sinnoh (DP)', 'Sinnoh (Pt)']"
350,Milotic,"['Alola (SM)', 'Alola (USUM)', 'Crown_Tundra', 'DP', 'Galar', 'Hoenn (ORAS)', 'Hoenn (RSE)', 'Hyperspace', 'Kitakami', 'Sinnoh (BdSp)', 'Sinnoh (DP)', 'Sinnoh (Pt)']"
351,Castform,"['Alola (SM)', 'Alola (USUM)', 'Hoenn (ORAS)', 'Hoenn (RSE)', 'Unova (B2W2)']"
352,Kecleon,"['Alola (USUM)', 'Hoenn (ORAS)', 'Hoenn (RSE)', 'Hyperspace', 'Kalos']"
353,Shuppet,"['Alola (USUM)', 'Hoenn (ORAS)', 'Hoenn (RSE)', 'Kalos', 'Lumiose', 'Paldea', 'Unova (B2W2)']"
354,Banette,"['Alola (USUM)', 'Hoenn (ORAS)', 'Hoenn (RSE)', 'Kalos', 'Lumiose', 'Paldea', 'Unova (B2W2)']"
355,Duskull,"['Galar', 'Hisui ', 'Hoenn (ORAS)', 'Hoenn (RSE)', 'Kitakami', 'Sinnoh (Pt)']"
356,Dusclops,"['Galar', 'Hisui ', 'Hoenn (ORAS)', 'Hoenn (RSE)', 'Kitakami', 'Sinnoh (Pt)']"
357,Tropius,"['Alola (USUM)', 'Hoenn (ORAS)', 'Hoenn (RSE)', 'Paldea', 'Sinnoh (Pt)', 'Unova (B2W2)']"
358,Chimecho,"['DP', 'Hisui ', 'Hoenn (ORAS)', 'Hoenn (RSE)', 'Hyperspace', 'Kalos', 'Kitakami', 'Sinnoh (BdSp)', 'Sinnoh (DP)', 'Sinnoh (Pt)']"
359,Absol,"['Alola (SM)', 'Alola (USUM)', 'Crown_Tundra', 'Hoenn (ORAS)', 'Hoenn (RSE)', 'Kalos', 'Lumiose', 'Sinnoh (Pt)', 'Unova (B2W2)']"
360,Wynaut,"['Galar', 'Hoenn (ORAS)', 'Hoenn (RSE)', 'Kalos']"
361,Snorunt,"['Alola (SM)', 'Alola (USUM)', 'Crown_Tundra', 'Galar', 'Hisui ', 'Hoenn (ORAS)', 'Hoenn (RSE)', 'Kitakami', 'Lumiose', 'Paldea', 'Sinnoh (Pt)']"
362,Glalie,"['Alola (SM)', 'Alola (USUM)', 'Crown_Tundra', 'Galar', 'Hisui ', 'Hoenn (ORAS)', 'Hoenn (RSE)', 'Kitakami', 'Lumiose', 'Paldea', 'Sinnoh (Pt)']"
363,Spheal,"['Crown_Tundra', 'Hisui ', 'Hoenn (ORAS)', 'Hoenn (RSE)', 'Unova (B2W2)']"
364,Sealeo,"['Crown_Tundra', 'Hisui ', 'Hoenn (ORAS)', 'Hoenn (RSE)', 'Unova (B2W2)']"
365,Walrein,"['Crown_Tundra', 'Hisui ', 'Hoenn (ORAS)', 'Hoenn (RSE)', 'Unova (B2W2)']"
366,Clamperl,"['Alola (USUM)', 'Hoenn (ORAS)', 'Hoenn (RSE)', 'Kalos']"
367,Huntail,"['Alola (USUM)', 'Hoenn (ORAS)', 'Hoenn (RSE)', 'Kalos']"
368,Gorebyss,"['Alola (USUM)', 'Hoenn (ORAS)', 'Hoenn (RSE)', 'Kalos']"
369,Relicanth,"['Alola (SM)', 'Alola (USUM)', 'Crown_Tundra', 'Hoenn (ORAS)', 'Hoenn (RSE)', 'Kalos']"
370,Luvdisc,"['Alola (SM)', 'Alola (USUM)', 'Blueberry', 'Hoenn (ORAS)', 'Hoenn (RSE)', 'Kalos', 'Paldea']"
371,Bagon,"['Alola (SM)', 'Alola (USUM)', 'Crown_Tundra', 'Hoenn (ORAS)', 'Hoenn (RSE)', 'Kalos', 'Lumiose', 'Paldea']"
372,Shelgon,"['Alola (SM)', 'Alola (USUM)', 'Crown_Tundra', 'Hoenn (ORAS)', 'Hoenn (RSE)', 'Kalos', 'Lumiose', 'Paldea']"
373,Salamence,"['Alola (SM)', 'Alola (USUM)', 'Crown_Tundra', 'Hoenn (ORAS)', 'Hoenn (RSE)', 'Kalos', 'Lumiose', 'Paldea']"
374,Beldum,"['Alola (SM)', 'Alola (USUM)', 'Blueberry', 'Crown_Tundra', 'Hoenn (ORAS)', 'Hoenn (RSE)', 'Lumiose', 'Unova (B2W2)']"
375,Metang,"['Alola (SM)', 'Alola (USUM)', 'Blueberry', 'Crown_Tundra', 'Hoenn (ORAS)', 'Hoenn (RSE)', 'Lumiose', 'Unova (B2W2)']"
376,Metagross,"['Alola (SM)', 'Alola (USUM)', 'Blueberry', 'Crown_Tundra', 'Hoenn (ORAS)', 'Hoenn (RSE)', 'Lumiose', 'Unova (B2W2)']"
377,Regirock,"['Crown_Tundra', 'Hoenn (ORAS)', 'Hoenn (RSE)']"
378,Regice,"['Crown_Tundra', 'Hoenn (ORAS)', 'Hoenn (RSE)']"
379,Registeel,"['Crown_Tundra', 'Hoenn (ORAS)', 'Hoenn (RSE)']"
380,Latias,"['Hoenn (ORAS)', 'Hoenn (RSE)', 'Hyperspace']"
381,Latios,"['Hoenn (ORAS)', 'Hoenn (RSE)', 'Hyperspace']"
382,Kyogre,"['Hoenn (ORAS)', 'Hoenn (RSE)', 'Hyperspace']"
383,Groudon,"['Hoenn (ORAS)', 'Hoenn (RSE)', 'Hyperspace']"
384,Rayquaza,"['Hoenn (ORAS)', 'Hoenn (RSE)', 'Hyperspace']"
385,Jirachi,"['Hoenn (ORAS)', 'Hoenn (RSE)']"
386,Deoxys,"['Hoenn (ORAS)', 'Hoenn (RSE)']"
387,Turtwig,"['Blueberry', 'DP', 'Hisui ', 'Sinnoh (BdSp)', 'Sinnoh (DP)', 'Sinnoh (Pt)']"
388,Grotle,"['Blueberry', 'DP', 'Hisui ', 'Sinnoh (BdSp)', 'Sinnoh (DP)', 'Sinnoh (Pt)']"
389,Torterra,"['Blueberry', 'DP', 'Hisui ', 'Sinnoh (BdSp)', 'Sinnoh (DP)', 'Sinnoh (Pt)']"
390,Chimchar,"['Blueberry', 'DP', 'Hisui ', 'Sinnoh (BdSp)', 'Sinnoh (DP)', 'Sinnoh (Pt)']"
391,Monferno,"['Blueberry', 'DP', 'Hisui ', 'Sinnoh (BdSp)', 'Sinnoh (DP)', 'Sinnoh (Pt)']"
392,Infernape,"['Blueberry', 'DP', 'Hisui ', 'Sinnoh (BdSp)', 'Sinnoh (DP)', 'Sinnoh (Pt)']"
393,Piplup,"['Blueberry', 'DP', 'Hisui ', 'Sinnoh (BdSp)', 'Sinnoh (DP)', 'Sinnoh (Pt)']"
394,Prinplup,"['Blueberry', 'DP', 'Hisui ', 'Sinnoh (BdSp)', 'Sinnoh (DP)', 'Sinnoh (Pt)']"
395,Empoleon,"['Blueberry', 'DP', 'Hisui ', 'Sinnoh (BdSp)', 'Sinnoh (DP)', 'Sinnoh (Pt)']"
396,Starly,"['DP', 'Hisui ', 'Hyperspace', 'Kalos', 'Kitakami', 'Paldea', 'Sinnoh (BdSp)', 'Sinnoh (DP)', 'Sinnoh (Pt)']"
397,Staravia,"['DP', 'Hisui ', 'Hyperspace', 'Kalos', 'Kitakami', 'Paldea', 'Sinnoh (BdSp)', 'Sinnoh (DP)', 'Sinnoh (Pt)']"
398,Staraptor,"['DP', 'Hisui ', 'Hyperspace', 'Kalos', 'Kitakami', 'Paldea', 'Sinnoh (BdSp)', 'Sinnoh (DP)', 'Sinnoh (Pt)']"
399,Bidoof,"['DP', 'Hisui ', 'Kalos', 'Sinnoh (BdSp)', 'Sinnoh (DP)', 'Sinnoh (Pt)']"
400,Bibarel,"['DP', 'Hisui ', 'Kalos', 'Sinnoh (BdSp)', 'Sinnoh (DP)', 'Sinnoh (Pt)']"
401,Kricketot,"['DP', 'Hisui ', 'Kitakami', 'Paldea', 'Sinnoh (BdSp)', 'Sinnoh (DP)', 'Sinnoh (Pt)']"
402,Kricketune,"['DP', 'Hisui ', 'Kitakami', 'Paldea', 'Sinnoh (BdSp)', 'Sinnoh (DP)', 'Sinnoh (Pt)']"
403,Shinx,"['DP', 'Hisui ', 'Isle_of_Armor', 'Kitakami', 'Paldea', 'Sinnoh (BdSp)', 'Sinnoh (DP)', 'Sinnoh (Pt)']"
404,Luxio,"['DP', 'Hisui ', 'Isle_of_Armor', 'Kitakami', 'Paldea', 'Sinnoh (BdSp)', 'Sinnoh (DP)', 'Sinnoh (Pt)']"
405,Luxray,"['DP', 'Hisui ', 'Isle_of_Armor', 'Kitakami', 'Paldea', 'Sinnoh (BdSp)', 'Sinnoh (DP)', 'Sinnoh (Pt)']"
406,Budew,"['DP', 'Galar', 'Hisui ', 'Hoenn (ORAS)', 'Kalos', 'Lumiose', 'Sinnoh (BdSp)', 'Sinnoh (DP)', 'Sinnoh (Pt)', 'Unova (B2W2)']"
407,Roserade,"['DP', 'Galar', 'Hisui ', 'Hoenn (ORAS)', 'Kalos', 'Lumiose', 'Sinnoh (BdSp)', 'Sinnoh (DP)', 'Sinnoh (Pt)', 'Unova (B2W2)']"
408,Cranidos,"['Alola (SM)', 'Alola (USUM)', 'Blueberry', 'DP', 'Hisui ', 'Sinnoh (BdSp)', 'Sinnoh (DP)', 'Sinnoh (Pt)']"
409,Rampardos,"['Alola (SM)', 'Alola (USUM)', 'Blueberry', 'DP', 'Hisui ', 'Sinnoh (BdSp)', 'Sinnoh (DP)', 'Sinnoh (Pt)']"
410,Shieldon,"['Alola (SM)', 'Alola (USUM)', 'Blueberry', 'DP', 'Hisui ', 'Sinnoh (BdSp)', 'Sinnoh (DP)', 'Sinnoh (Pt)']"
411,Bastiodon,"['Alola (SM)', 'Alola (USUM)', 'Blueberry', 'DP', 'Hisui ', 'Sinnoh (BdSp)', 'Sinnoh (DP)', 'Sinnoh (Pt)']"
412,Burmy,"['DP', 'Hisui ', 'Kalos', 'Sinnoh (BdSp)', 'Sinnoh (DP)', 'Sinnoh (Pt)']"
413,Wormadam,"['DP', 'Hisui ', 'Kalos', 'Sinnoh (BdSp)', 'Sinnoh (DP)', 'Sinnoh (Pt)']"
414,Mothim,"['DP', 'Hisui ', 'Kalos', 'Sinnoh (BdSp)', 'Sinnoh (DP)', 'Sinnoh (Pt)']"
415,Combee,"['DP', 'Galar', 'Hisui ', 'Isle_of_Armor', 'Kalos', 'Paldea', 'Sinnoh (BdSp)', 'Sinnoh (DP)', 'Sinnoh (Pt)', 'Unova (B2W2)']"
416,Vespiquen,"['DP', 'Galar', 'Hisui ', 'Isle_of_Armor', 'Kalos', 'Paldea', 'Sinnoh (BdSp)', 'Sinnoh (DP)', 'Sinnoh (Pt)', 'Unova (B2W2)']"
417,Pachirisu,"['DP', 'Hisui ', 'Kalos', 'Kitakami', 'Paldea', 'Sinnoh (BdSp)', 'Sinnoh (DP)', 'Sinnoh (Pt)']"
418,Buizel,"['DP', 'Hisui ', 'Kalos', 'Paldea', 'Sinnoh (BdSp)', 'Sinnoh (DP)', 'Sinnoh (Pt)', 'Unova (B2W2)']"
419,Floatzel,"['DP', 'Hisui ', 'Kalos', 'Paldea', 'Sinnoh (BdSp)', 'Sinnoh (DP)', 'Sinnoh (Pt)', 'Unova (B2W2)']"
420,Cherubi,"['DP', 'Galar', 'Hisui ', 'Sinnoh (BdSp)', 'Sinnoh (DP)', 'Sinnoh (Pt)']"
421,Cherrim,"['DP', 'Galar', 'Hisui ', 'Sinnoh (BdSp)', 'Sinnoh (DP)', 'Sinnoh (Pt)']"
422,Shellos,"['Alola (SM)', 'Alola (USUM)', 'DP', 'Galar', 'Hisui ', 'Paldea', 'Sinnoh (BdSp)', 'Sinnoh (DP)', 'Sinnoh (Pt)']"
423,Gastrodon,"['Alola (SM)', 'Alola (USUM)', 'DP', 'Galar', 'Hisui ', 'Paldea', 'Sinnoh (BdSp)', 'Sinnoh (DP)', 'Sinnoh (Pt)']"
424,Ambipom,"['Alola (USUM)', 'DP', 'Hisui ', 'Johto (HgSs)', 'Kitakami', 'Sinnoh (BdSp)', 'Sinnoh (DP)', 'Sinnoh (Pt)']"
425,Drifloon,"['Alola (SM)', 'Alola (USUM)', 'DP', 'Galar', 'Hisui ', 'Isle_of_Armor', 'Kalos', 'Paldea', 'Sinnoh (BdSp)', 'Sinnoh (DP)', 'Sinnoh (Pt)', 'Unova (B2W2)']"
426,Drifblim,"['Alola (SM)', 'Alola (USUM)', 'DP', 'Galar', 'Hisui ', 'Isle_of_Armor', 'Kalos', 'Paldea', 'Sinnoh (BdSp)', 'Sinnoh (DP)', 'Sinnoh (Pt)', 'Unova (B2W2)']"
427,Buneary,"['Alola (USUM)', 'DP', 'Hisui ', 'Isle_of_Armor', 'Lumiose', 'Sinnoh (BdSp)', 'Sinnoh (DP)', 'Sinnoh (Pt)', 'Unova (B2W2)']"
428,Lopunny,"['Alola (USUM)', 'DP', 'Hisui ', 'Isle_of_Armor', 'Lumiose', 'Sinnoh (BdSp)', 'Sinnoh (DP)', 'Sinnoh (Pt)', 'Unova (B2W2)']"
429,Mismagius,"['Alola (SM)', 'Alola (USUM)', 'DP', 'Hisui ', 'Paldea', 'Sinnoh (BdSp)', 'Sinnoh (DP)', 'Sinnoh (Pt)']"
430,Honchkrow,"['Alola (SM)', 'Alola (USUM)', 'DP', 'Hisui ', 'Kalos', 'Paldea', 'Sinnoh (BdSp)', 'Sinnoh (DP)', 'Sinnoh (Pt)']"
431,Glameow,"['DP', 'Hisui ', 'Sinnoh (BdSp)', 'Sinnoh (DP)', 'Sinnoh (Pt)']"
432,Purugly,"['DP', 'Hisui ', 'Sinnoh (BdSp)', 'Sinnoh (DP)', 'Sinnoh (Pt)']"
433,Chingling,"['DP', 'Hisui ', 'Hoenn (ORAS)', 'Hyperspace', 'Kalos', 'Kitakami', 'Sinnoh (BdSp)', 'Sinnoh (DP)', 'Sinnoh (Pt)']"
434,Stunky,"['DP', 'Galar', 'Hisui ', 'Kalos', 'Paldea', 'Sinnoh (BdSp)', 'Sinnoh (DP)', 'Sinnoh (Pt)']"
435,Skuntank,"['DP', 'Galar', 'Hisui ', 'Kalos', 'Paldea', 'Sinnoh (BdSp)', 'Sinnoh (DP)', 'Sinnoh (Pt)']"
436,Bronzor,"['Crown_Tundra', 'DP', 'Galar', 'Hisui ', 'Kitakami', 'Paldea', 'Sinnoh (BdSp)', 'Sinnoh (DP)', 'Sinnoh (Pt)', 'Unova (B2W2)']"
437,Bronzong,"['Crown_Tundra', 'DP', 'Galar', 'Hisui ', 'Kitakami', 'Paldea', 'Sinnoh (BdSp)', 'Sinnoh (DP)', 'Sinnoh (Pt)', 'Unova (B2W2)']"
438,Bonsly,"['Alola (SM)', 'Alola (USUM)', 'DP', 'Galar', 'Hisui ', 'Kalos', 'Kitakami', 'Paldea', 'Sinnoh (BdSp)', 'Sinnoh (DP)', 'Sinnoh (Pt)']"
439,Mime Jr.,"['Alola (USUM)', 'Crown_Tundra', 'DP', 'Galar', 'Hisui ', 'Hyperspace', 'Kalos', 'Sinnoh (BdSp)', 'Sinnoh (DP)', 'Sinnoh (Pt)']"
440,Happiny,"['Alola (SM)', 'Alola (USUM)', 'Blueberry', 'DP', 'Hisui ', 'Isle_of_Armor', 'Paldea', 'Sinnoh (BdSp)', 'Sinnoh (DP)', 'Sinnoh (Pt)']"
441,Chatot,"['DP', 'Hisui ', 'Kalos', 'Sinnoh (BdSp)', 'Sinnoh (DP)', 'Sinnoh (Pt)']"
442,Spiritomb,"['Crown_Tundra', 'DP', 'Hisui ', 'Paldea', 'Sinnoh (BdSp)', 'Sinnoh (DP)', 'Sinnoh (Pt)']"
443,Gible,"['Alola (SM)', 'Alola (USUM)', 'Crown_Tundra', 'DP', 'Hisui ', 'Kalos', 'Kitakami', 'Lumiose', 'Paldea', 'Sinnoh (BdSp)', 'Sinnoh (DP)', 'Sinnoh (Pt)']"
444,Gabite,"['Alola (SM)', 'Alola (USUM)', 'Crown_Tundra', 'DP', 'Hisui ', 'Kalos', 'Kitakami', 'Lumiose', 'Paldea', 'Sinnoh (BdSp)', 'Sinnoh (DP)', 'Sinnoh (Pt)']"
445,Garchomp,"['Alola (SM)', 'Alola (USUM)', 'Crown_Tundra', 'DP', 'Hisui ', 'Kalos', 'Kitakami', 'Lumiose', 'Paldea', 'Sinnoh (BdSp)', 'Sinnoh (DP)', 'Sinnoh (Pt)']"
446,Munchlax,"['Alola (SM)', 'Alola (USUM)', 'Crown_Tundra', 'DP', 'Galar', 'Hisui ', 'Kalos', 'Kitakami', 'Sinnoh (BdSp)', 'Sinnoh (DP)', 'Sinnoh (Pt)']"
447,Riolu,"['Alola (SM)', 'Alola (USUM)', 'Crown_Tundra', 'DP', 'Galar', 'Hisui ', 'Kalos', 'Kitakami', 'Lumiose', 'Paldea', 'Sinnoh (BdSp)', 'Sinnoh (DP)', 'Sinnoh (Pt)', 'Unova (B2W2)']"
448,Lucario,"['Alola (SM)', 'Alola (USUM)', 'Crown_Tundra', 'DP', 'Galar', 'Hisui ', 'Kalos', 'Kitakami', 'Lumiose', 'Paldea', 'Sinnoh (BdSp)', 'Sinnoh (DP)', 'Sinnoh (Pt)', 'Unova (B2W2)']"
449,Hippopotas,"['DP', 'Galar', 'Hisui ', 'Kalos', 'Lumiose', 'Paldea', 'Sinnoh (BdSp)', 'Sinnoh (DP)', 'Sinnoh (Pt)']"
450,Hippowdon,"['DP', 'Galar', 'Hisui ', 'Kalos', 'Lumiose', 'Paldea', 'Sinnoh (BdSp)', 'Sinnoh (DP)', 'Sinnoh (Pt)']"
451,Skorupi,"['DP', 'Galar', 'Hisui ', 'Isle_of_Armor', 'Kalos', 'Sinnoh (BdSp)', 'Sinnoh (DP)', 'Sinnoh (Pt)', 'Unova (B2W2)']"
452,Drapion,"['DP', 'Galar', 'Hisui ', 'Isle_of_Armor', 'Kalos', 'Sinnoh (BdSp)', 'Sinnoh (DP)', 'Sinnoh (Pt)', 'Unova (B2W2)']"
453,Croagunk,"['DP', 'Galar', 'Hisui ', 'Isle_of_Armor', 'Kalos', 'Paldea', 'Sinnoh (BdSp)', 'Sinnoh (DP)', 'Sinnoh (Pt)', 'Unova (B2W2)']"
454,Toxicroak,"['DP', 'Galar', 'Hisui ', 'Isle_of_Armor', 'Kalos', 'Paldea', 'Sinnoh (BdSp)', 'Sinnoh (DP)', 'Sinnoh (Pt)', 'Unova (B2W2)']"
455,Carnivine,"['DP', 'Hisui ', 'Kalos', 'Sinnoh (BdSp)', 'Sinnoh (DP)', 'Sinnoh (Pt)', 'Unova (B2W2)']"
456,Finneon,"['Alola (SM)', 'Alola (USUM)', 'Blueberry', 'DP', 'Hisui ', 'Paldea', 'Sinnoh (BdSp)', 'Sinnoh (DP)', 'Sinnoh (Pt)']"
457,Lumineon,"['Alola (SM)', 'Alola (USUM)', 'Blueberry', 'DP', 'Hisui ', 'Paldea', 'Sinnoh (BdSp)', 'Sinnoh (DP)', 'Sinnoh (Pt)']"
458,Mantyke,"['Alola (USUM)', 'DP', 'Galar', 'Hisui ', 'Isle_of_Armor', 'Kalos', 'Sinnoh (BdSp)', 'Sinnoh (DP)', 'Sinnoh (Pt)', 'Unova (B2W2)']"
459,Snover,"['Blueberry', 'Crown_Tundra', 'DP', 'Galar', 'Hisui ', 'Kalos', 'Lumiose', 'Paldea', 'Sinnoh (BdSp)', 'Sinnoh (DP)', 'Sinnoh (Pt)']"
460,Abomasnow,"['Blueberry', 'Crown_Tundra', 'DP', 'Galar', 'Hisui ', 'Kalos', 'Lumiose', 'Paldea', 'Sinnoh (BdSp)', 'Sinnoh (DP)', 'Sinnoh (Pt)']"
461,Weavile,"['Alola (SM)', 'Alola (USUM)', 'Crown_Tundra', 'DP', 'Galar', 'Hisui ', 'Kalos', 'Kitakami', 'Paldea', 'Sinnoh (BdSp)', 'Sinnoh (DP)', 'Sinnoh (Pt)', 'Unova (B2W2)']"
462,Magnezone,"['Alola (SM)', 'Alola (USUM)', 'Blueberry', 'Hisui ', 'Hoenn (ORAS)', 'Isle_of_Armor', 'Kalos', 'Paldea', 'Sinnoh (Pt)', 'Unova (B2W2)']"
463,Lickilicky,"['Alola (USUM)', 'Hisui ', 'Isle_of_Armor', 'Johto (HgSs)', 'Kalos', 'Sinnoh (Pt)', 'Unova (B2W2)']"
464,Rhyperior,"['Blueberry', 'Galar', 'Hisui ', 'Hoenn (ORAS)', 'Isle_of_Armor', 'Kalos', 'Sinnoh (Pt)']"
465,Tangrowth,"['Hisui ', 'Isle_of_Armor', 'Johto (HgSs)', 'Sinnoh (Pt)', 'Unova (B2W2)']"
466,Electivire,"['Alola (SM)', 'Alola (USUM)', 'Blueberry', 'Crown_Tundra', 'Hisui ', 'Sinnoh (Pt)', 'Unova (B2W2)']"
467,Magmortar,"['Alola (SM)', 'Alola (USUM)', 'Blueberry', 'Crown_Tundra', 'Hisui ', 'Sinnoh (Pt)', 'Unova (B2W2)']"
468,Togekiss,"['Galar', 'Hisui ', 'Sinnoh (Pt)']"
469,Yanmega,"['Hisui ', 'Johto (HgSs)', 'Kalos', 'Kitakami', 'Sinnoh (Pt)', 'Unova (B2W2)']"
470,Leafeon,"['Alola (SM)', 'Alola (USUM)', 'Crown_Tundra', 'Galar', 'Hisui ', 'Kalos', 'Lumiose', 'Paldea', 'Sinnoh (Pt)', 'Unova (B2W2)']"
471,Glaceon,"['Alola (SM)', 'Alola (USUM)', 'Crown_Tundra', 'Galar', 'Hisui ', 'Kalos', 'Lumiose', 'Paldea', 'Sinnoh (Pt)', 'Unova (B2W2)']"
472,Gliscor,"['Hisui ', 'Kalos', 'Kitakami', 'Sinnoh (Pt)', 'Unova (B2W2)']"
473,Mamoswine,"['Crown_Tundra', 'Galar', 'Hisui ', 'Johto (HgSs)', 'Kalos', 'Kitakami', 'Sinnoh (Pt)', 'Unova (B2W2)']"
474,Porygon-Z,"['Alola (SM)', 'Alola (USUM)', 'Blueberry', 'Hisui ', 'Hyperspace', 'Isle_of_Armor', 'Sinnoh (Pt)']"
475,Gallade,"['Galar', 'Hisui ', 'Hoenn (ORAS)', 'Isle_of_Armor', 'Kalos', 'Kitakami', 'Lumiose', 'Paldea', 'Sinnoh (Pt)']"
476,Probopass,"['Alola (SM)', 'Alola (USUM)', 'Hisui ', 'Hoenn (ORAS)', 'Kalos', 'Kitakami', 'Sinnoh (Pt)', 'Unova (B2W2)']"
477,Dusknoir,"['Galar', 'Hisui ', 'Hoenn (ORAS)', 'Kitakami', 'Sinnoh (Pt)']"
478,Froslass,"['Alola (SM)', 'Alola (USUM)', 'Crown_Tundra', 'Galar', 'Hisui ', 'Hoenn (ORAS)', 'Kitakami', 'Lumiose', 'Paldea', 'Sinnoh (Pt)']"
479,Rotom,"['Blueberry', 'Galar', 'Hisui ', 'Hyperspace', 'Kalos', 'Paldea', 'Sinnoh (Pt)']"
480,Uxie,"['DP', 'Hisui ', 'Sinnoh (BdSp)', 'Sinnoh (DP)', 'Sinnoh (Pt)']"
481,Mesprit,"['DP', 'Hisui ', 'Sinnoh (BdSp)', 'Sinnoh (DP)', 'Sinnoh (Pt)']"
482,Azelf,"['DP', 'Hisui ', 'Sinnoh (BdSp)', 'Sinnoh (DP)', 'Sinnoh (Pt)']"
483,Dialga,"['DP', 'Hisui ', 'Sinnoh (BdSp)', 'Sinnoh (DP)', 'Sinnoh (Pt)']"
484,Palkia,"['DP', 'Hisui ', 'Sinnoh (BdSp)', 'Sinnoh (DP)', 'Sinnoh (Pt)']"
485,Heatran,"['Hisui ', 'Hyperspace']"
486,Regigigas,['Hisui ']
487,Giratina,"['Hisui ', 'Sinnoh (Pt)']"
488,Cresselia,['Hisui ']
489,Phione,['Hisui ']
490,Manaphy,"['DP', 'Hisui ', 'Sinnoh (BdSp)', 'Sinnoh (DP)', 'Sinnoh (Pt)']"
491,Darkrai,"['Hisui ', 'Hyperspace']"
492,Shaymin,['Hisui ']
493,Arceus,['Hisui ']
494,Victini,"['Unova (B2W2)', 'Unova (BW)']"
495,Snivy,"['Blueberry', 'Unova (B2W2)', 'Unova (BW)']"
496,Servine,"['Blueberry', 'Unova (B2W2)', 'Unova (BW)']"
497,Serperior,"['Blueberry', 'Unova (B2W2)', 'Unova (BW)']"
498,Tepig,"['Blueberry', 'Lumiose', 'Unova (B2W2)', 'Unova (BW)']"
499,Pignite,"['Blueberry', 'Lumiose', 'Unova (B2W2)', 'Unova (BW)']"
500,Emboar,"['Blueberry', 'Lumiose', 'Unova (B2W2)', 'Unova (BW)']"
501,Oshawott,"['Blueberry', 'Hisui ', 'Unova (B2W2)', 'Unova (BW)']"
502,Dewott,"['Blueberry', 'Hisui ', 'Unova (B2W2)', 'Unova (BW)']"
503,Samurott,"['Blueberry', 'Hisui ', 'Unova (B2W2)', 'Unova (BW)']"
504,Patrat,"['Kalos', 'Lumiose', 'Unova (B2W2)', 'Unova (BW)']"
505,Watchog,"['Kalos', 'Lumiose', 'Unova (B2W2)', 'Unova (BW)']"
506,Lillipup,"['Alola (SM)', 'Alola (USUM)', 'Isle_of_Armor', 'Unova (B2W2)', 'Unova (BW)']"
507,Herdier,"['Alola (SM)', 'Alola (USUM)', 'Isle_of_Armor', 'Unova (B2W2)', 'Unova (BW)']"
508,Stoutland,"['Alola (SM)', 'Alola (USUM)', 'Isle_of_Armor', 'Unova (B2W2)', 'Unova (BW)']"
509,Purrloin,"['Galar', 'Hyperspace', 'Kalos', 'Unova (B2W2)', 'Unova (BW)']"
510,Liepard,"['Galar', 'Hyperspace', 'Kalos', 'Unova (B2W2)', 'Unova (BW)']"
511,Pansage,"['Kalos', 'Lumiose', 'Unova (B2W2)', 'Unova (BW)']"
512,Simisage,"['Kalos', 'Lumiose', 'Unova (B2W2)', 'Unova (BW)']"
513,Pansear,"['Kalos', 'Lumiose', 'Unova (B2W2)', 'Unova (BW)']"
514,Simisear,"['Kalos', 'Lumiose', 'Unova (B2W2)', 'Unova (BW)']"
515,Panpour,"['Kalos', 'Lumiose', 'Unova (B2W2)', 'Unova (BW)']"
516,Simipour,"['Kalos', 'Lumiose', 'Unova (B2W2)', 'Unova (BW)']"
517,Munna,"['Galar', 'Hyperspace', 'Unova (B2W2)', 'Unova (BW)']"
518,Musharna,"['Galar', 'Hyperspace', 'Unova (B2W2)', 'Unova (BW)']"
519,Pidove,"['Galar', 'Unova (B2W2)', 'Unova (BW)']"
520,Tranquill,"['Galar', 'Unova (B2W2)', 'Unova (BW)']"
521,Unfezant,"['Galar', 'Unova (B2W2)', 'Unova (BW)']"
522,Blitzle,"['Blueberry', 'Unova (B2W2)', 'Unova (BW)']"
523,Zebstrika,"['Blueberry', 'Unova (B2W2)', 'Unova (BW)']"
524,Roggenrola,"['Alola (SM)', 'Alola (USUM)', 'Galar', 'Isle_of_Armor', 'Kalos', 'Unova (B2W2)', 'Unova (BW)']"
525,Boldore,"['Alola (SM)', 'Alola (USUM)', 'Galar', 'Isle_of_Armor', 'Kalos', 'Unova (B2W2)', 'Unova (BW)']"
526,Gigalith,"['Alola (SM)', 'Alola (USUM)', 'Galar', 'Isle_of_Armor', 'Kalos', 'Unova (B2W2)', 'Unova (BW)']"
527,Woobat,"['Galar', 'Isle_of_Armor', 'Kalos', 'Unova (B2W2)', 'Unova (BW)']"
528,Swoobat,"['Galar', 'Isle_of_Armor', 'Kalos', 'Unova (B2W2)', 'Unova (BW)']"
529,Drilbur,"['Blueberry', 'Galar', 'Lumiose', 'Unova (B2W2)', 'Unova (BW)']"
530,Excadrill,"['Blueberry', 'Galar', 'Lumiose', 'Unova (B2W2)', 'Unova (BW)']"
531,Audino,"['Crown_Tundra', 'Kalos', 'Lumiose', 'Unova (B2W2)', 'Unova (BW)']"
532,Timburr,"['Crown_Tundra', 'Galar', 'Kalos', 'Kitakami', 'Unova (B2W2)', 'Unova (BW)']"
533,Gurdurr,"['Crown_Tundra', 'Galar', 'Kalos', 'Kitakami', 'Unova (B2W2)', 'Unova (BW)']"
534,Conkeldurr,"['Crown_Tundra', 'Galar', 'Kalos', 'Kitakami', 'Unova (B2W2)', 'Unova (BW)']"
535,Tympole,"['Galar', 'Unova (B2W2)', 'Unova (BW)']"
536,Palpitoad,"['Galar', 'Unova (B2W2)', 'Unova (BW)']"
537,Seismitoad,"['Galar', 'Unova (B2W2)', 'Unova (BW)']"
538,Throh,"['Galar', 'Hyperspace', 'Kalos', 'Unova (B2W2)', 'Unova (BW)']"
539,Sawk,"['Galar', 'Hyperspace', 'Kalos', 'Unova (B2W2)', 'Unova (BW)']"
540,Sewaddle,"['Kitakami', 'Unova (B2W2)', 'Unova (BW)']"
541,Swadloon,"['Kitakami', 'Unova (B2W2)', 'Unova (BW)']"
542,Leavanny,"['Kitakami', 'Unova (B2W2)', 'Unova (BW)']"
543,Venipede,"['Isle_of_Armor', 'Kalos', 'Lumiose', 'Unova (B2W2)', 'Unova (BW)']"
544,Whirlipede,"['Isle_of_Armor', 'Kalos', 'Lumiose', 'Unova (B2W2)', 'Unova (BW)']"
545,Scolipede,"['Isle_of_Armor', 'Kalos', 'Lumiose', 'Unova (B2W2)', 'Unova (BW)']"
546,Cottonee,"['Alola (SM)', 'Alola (USUM)', 'Blueberry', 'Crown_Tundra', 'Galar', 'Unova (B2W2)', 'Unova (BW)']"
547,Whimsicott,"['Alola (SM)', 'Alola (USUM)', 'Blueberry', 'Crown_Tundra', 'Galar', 'Unova (B2W2)', 'Unova (BW)']"
548,Petilil,"['Alola (SM)', 'Alola (USUM)', 'Hisui ', 'Isle_of_Armor', 'Kitakami', 'Paldea', 'Unova (B2W2)', 'Unova (BW)']"
549,Lilligant,"['Alola (SM)', 'Alola (USUM)', 'Hisui ', 'Isle_of_Armor', 'Kitakami', 'Paldea', 'Unova (B2W2)', 'Unova (BW)']"
550,Basculin,"['Alola (USUM)', 'Crown_Tundra', 'Galar', 'Hisui ', 'Kalos', 'Kitakami', 'Paldea', 'Unova (B2W2)', 'Unova (BW)']"
551,Sandile,"['Alola (SM)', 'Alola (USUM)', 'Blueberry', 'Isle_of_Armor', 'Kalos', 'Lumiose', 'Paldea', 'Unova (B2W2)', 'Unova (BW)']"
552,Krokorok,"['Alola (SM)', 'Alola (USUM)', 'Blueberry', 'Isle_of_Armor', 'Kalos', 'Lumiose', 'Paldea', 'Unova (B2W2)', 'Unova (BW)']"
553,Krookodile,"['Alola (SM)', 'Alola (USUM)', 'Blueberry', 'Isle_of_Armor', 'Kalos', 'Lumiose', 'Paldea', 'Unova (B2W2)', 'Unova (BW)']"
554,Darumaka,"['Crown_Tundra', 'Galar', 'Unova (B2W2)', 'Unova (BW)']"
555,Darmanitan,"['Crown_Tundra', 'Galar', 'Unova (B2W2)', 'Unova (BW)']"
556,Maractus,"['Galar', 'Unova (B2W2)', 'Unova (BW)']"
557,Dwebble,"['Galar', 'Isle_of_Armor', 'Kalos', 'Unova (B2W2)', 'Unova (BW)']"
558,Crustle,"['Galar', 'Isle_of_Armor', 'Kalos', 'Unova (B2W2)', 'Unova (BW)']"
559,Scraggy,"['Alola (USUM)', 'Blueberry', 'Galar', 'Isle_of_Armor', 'Kalos', 'Lumiose', 'Unova (B2W2)', 'Unova (BW)']"
560,Scrafty,"['Alola (USUM)', 'Blueberry', 'Galar', 'Isle_of_Armor', 'Kalos', 'Lumiose', 'Unova (B2W2)', 'Unova (BW)']"
561,Sigilyph,"['Galar', 'Kalos', 'Unova (B2W2)', 'Unova (BW)']"
562,Yamask,"['Galar', 'Hyperspace', 'Unova (B2W2)', 'Unova (BW)']"
563,Cofagrigus,"['Galar', 'Hyperspace', 'Unova (B2W2)', 'Unova (BW)']"
564,Tirtouga,"['Alola (SM)', 'Alola (USUM)', 'Crown_Tundra', 'Unova (B2W2)', 'Unova (BW)']"
565,Carracosta,"['Alola (SM)', 'Alola (USUM)', 'Crown_Tundra', 'Unova (B2W2)', 'Unova (BW)']"
566,Archen,"['Alola (SM)', 'Alola (USUM)', 'Crown_Tundra', 'Unova (B2W2)', 'Unova (BW)']"
567,Archeops,"['Alola (SM)', 'Alola (USUM)', 'Crown_Tundra', 'Unova (B2W2)', 'Unova (BW)']"
568,Trubbish,"['Alola (SM)', 'Alola (USUM)', 'Galar', 'Kalos', 'Lumiose', 'Unova (B2W2)', 'Unova (BW)']"
569,Garbodor,"['Alola (SM)', 'Alola (USUM)', 'Galar', 'Kalos', 'Lumiose', 'Unova (B2W2)', 'Unova (BW)']"
570,Zorua,"['Alola (USUM)', 'Hisui ', 'Isle_of_Armor', 'Kalos', 'Paldea', 'Unova (B2W2)', 'Unova (BW)']"
571,Zoroark,"['Alola (USUM)', 'Hisui ', 'Isle_of_Armor', 'Kalos', 'Paldea', 'Unova (B2W2)', 'Unova (BW)']"
572,Minccino,"['Alola (USUM)', 'Blueberry', 'Galar', 'Unova (B2W2)', 'Unova (BW)']"
573,Cinccino,"['Alola (USUM)', 'Blueberry', 'Galar', 'Unova (B2W2)', 'Unova (BW)']"
574,Gothita,"['Blueberry', 'Crown_Tundra', 'Galar', 'Kalos', 'Paldea', 'Unova (B2W2)', 'Unova (BW)']"
575,Gothorita,"['Blueberry', 'Crown_Tundra', 'Galar', 'Kalos', 'Paldea', 'Unova (B2W2)', 'Unova (BW)']"
576,Gothitelle,"['Blueberry', 'Crown_Tundra', 'Galar', 'Kalos', 'Paldea', 'Unova (B2W2)', 'Unova (BW)']"
577,Solosis,"['Blueberry', 'Crown_Tundra', 'Galar', 'Kalos', 'Unova (B2W2)', 'Unova (BW)']"
578,Duosion,"['Blueberry', 'Crown_Tundra', 'Galar', 'Kalos', 'Unova (B2W2)', 'Unova (BW)']"
579,Reuniclus,"['Blueberry', 'Crown_Tundra', 'Galar', 'Kalos', 'Unova (B2W2)', 'Unova (BW)']"
580,Ducklett,"['Kalos', 'Kitakami', 'Unova (B2W2)', 'Unova (BW)']"
581,Swanna,"['Kalos', 'Kitakami', 'Unova (B2W2)', 'Unova (BW)']"
582,Vanillite,"['Alola (SM)', 'Alola (USUM)', 'Crown_Tundra', 'Galar', 'Kalos', 'Lumiose', 'Unova (B2W2)', 'Unova (BW)']"
583,Vanillish,"['Alola (SM)', 'Alola (USUM)', 'Crown_Tundra', 'Galar', 'Kalos', 'Lumiose', 'Unova (B2W2)', 'Unova (BW)']"
584,Vanilluxe,"['Alola (SM)', 'Alola (USUM)', 'Crown_Tundra', 'Galar', 'Kalos', 'Lumiose', 'Unova (B2W2)', 'Unova (BW)']"
585,Deerling,"['Blueberry', 'Paldea', 'Unova (B2W2)', 'Unova (BW)']"
586,Sawsbuck,"['Blueberry', 'Paldea', 'Unova (B2W2)', 'Unova (BW)']"
587,Emolga,"['Alola (SM)', 'Alola (USUM)', 'Isle_of_Armor', 'Kalos', 'Lumiose', 'Unova (B2W2)', 'Unova (BW)']"
588,Karrablast,"['Crown_Tundra', 'Galar', 'Isle_of_Armor', 'Kalos', 'Unova (B2W2)', 'Unova (BW)']"
589,Escavalier,"['Crown_Tundra', 'Galar', 'Isle_of_Armor', 'Kalos', 'Unova (B2W2)', 'Unova (BW)']"
590,Foongus,"['Hyperspace', 'Isle_of_Armor', 'Kalos', 'Paldea', 'Unova (B2W2)', 'Unova (BW)']"
591,Amoonguss,"['Hyperspace', 'Isle_of_Armor', 'Kalos', 'Paldea', 'Unova (B2W2)', 'Unova (BW)']"
592,Frillish,"['Alola (USUM)', 'Galar', 'Isle_of_Armor', 'Unova (B2W2)', 'Unova (BW)']"
593,Jellicent,"['Alola (USUM)', 'Galar', 'Isle_of_Armor', 'Unova (B2W2)', 'Unova (BW)']"
594,Alomomola,"['Alola (SM)', 'Alola (USUM)', 'Blueberry', 'Kalos', 'Paldea', 'Unova (B2W2)', 'Unova (BW)']"
595,Joltik,"['Blueberry', 'Crown_Tundra', 'Galar', 'Unova (B2W2)', 'Unova (BW)']"
596,Galvantula,"['Blueberry', 'Crown_Tundra', 'Galar', 'Unova (B2W2)', 'Unova (BW)']"
597,Ferroseed,"['Crown_Tundra', 'Galar', 'Kalos', 'Unova (B2W2)', 'Unova (BW)']"
598,Ferrothorn,"['Crown_Tundra', 'Galar', 'Kalos', 'Unova (B2W2)', 'Unova (BW)']"
599,Klink,"['Galar', 'Unova (B2W2)', 'Unova (BW)']"
600,Klang,"['Galar', 'Unova (B2W2)', 'Unova (BW)']"
601,Klinklang,"['Galar', 'Unova (B2W2)', 'Unova (BW)']"
602,Tynamo,"['Blueberry', 'Kitakami', 'Lumiose', 'Paldea', 'Unova (B2W2)', 'Unova (BW)']"
603,Eelektrik,"['Blueberry', 'Kitakami', 'Lumiose', 'Paldea', 'Unova (B2W2)', 'Unova (BW)']"
604,Eelektross,"['Blueberry', 'Kitakami', 'Lumiose', 'Paldea', 'Unova (B2W2)', 'Unova (BW)']"
605,Elgyem,"['Alola (USUM)', 'Galar', 'Unova (B2W2)', 'Unova (BW)']"
606,Beheeyem,"['Alola (USUM)', 'Galar', 'Unova (B2W2)', 'Unova (BW)']"
607,Litwick,"['Crown_Tundra', 'Galar', 'Kalos', 'Kitakami', 'Lumiose', 'Unova (B2W2)', 'Unova (BW)']"
608,Lampent,"['Crown_Tundra', 'Galar', 'Kalos', 'Kitakami', 'Lumiose', 'Unova (B2W2)', 'Unova (BW)']"
609,Chandelure,"['Crown_Tundra', 'Galar', 'Kalos', 'Kitakami', 'Lumiose', 'Unova (B2W2)', 'Unova (BW)']"
610,Axew,"['Blueberry', 'Galar', 'Kalos', 'Paldea', 'Unova (B2W2)', 'Unova (BW)']"
611,Fraxure,"['Blueberry', 'Galar', 'Kalos', 'Paldea', 'Unova (B2W2)', 'Unova (BW)']"
612,Haxorus,"['Blueberry', 'Galar', 'Kalos', 'Paldea', 'Unova (B2W2)', 'Unova (BW)']"
613,Cubchoo,"['Blueberry', 'Crown_Tundra', 'Galar', 'Kalos', 'Paldea', 'Unova (B2W2)', 'Unova (BW)']"
614,Beartic,"['Blueberry', 'Crown_Tundra', 'Galar', 'Kalos', 'Paldea', 'Unova (B2W2)', 'Unova (BW)']"
615,Cryogonal,"['Crown_Tundra', 'Hyperspace', 'Kalos', 'Paldea', 'Unova (B2W2)', 'Unova (BW)']"
616,Shelmet,"['Crown_Tundra', 'Galar', 'Isle_of_Armor', 'Kalos', 'Unova (B2W2)', 'Unova (BW)']"
617,Accelgor,"['Crown_Tundra', 'Galar', 'Isle_of_Armor', 'Kalos', 'Unova (B2W2)', 'Unova (BW)']"
618,Stunfisk,"['Galar', 'Kalos', 'Lumiose', 'Unova (B2W2)', 'Unova (BW)']"
619,Mienfoo,"['Alola (USUM)', 'Isle_of_Armor', 'Kalos', 'Kitakami', 'Unova (B2W2)', 'Unova (BW)']"
620,Mienshao,"['Alola (USUM)', 'Isle_of_Armor', 'Kalos', 'Kitakami', 'Unova (B2W2)', 'Unova (BW)']"
621,Druddigon,"['Alola (USUM)', 'Crown_Tundra', 'Isle_of_Armor', 'Kalos', 'Unova (B2W2)', 'Unova (BW)']"
622,Golett,"['Alola (USUM)', 'Blueberry', 'Crown_Tundra', 'Galar', 'Hyperspace', 'Kalos', 'Unova (B2W2)', 'Unova (BW)']"
623,Golurk,"['Alola (USUM)', 'Blueberry', 'Crown_Tundra', 'Galar', 'Hyperspace', 'Kalos', 'Unova (B2W2)', 'Unova (BW)']"
624,Pawniard,"['Alola (USUM)', 'Galar', 'Isle_of_Armor', 'Kalos', 'Kitakami', 'Paldea', 'Unova (B2W2)', 'Unova (BW)']"
625,Bisharp,"['Alola (USUM)', 'Galar', 'Isle_of_Armor', 'Kalos', 'Kitakami', 'Paldea', 'Unova (B2W2)', 'Unova (BW)']"
626,Bouffalant,"['Isle_of_Armor', 'Unova (B2W2)', 'Unova (BW)']"
627,Rufflet,"['Alola (SM)', 'Alola (USUM)', 'Blueberry', 'Galar', 'Hisui ', 'Isle_of_Armor', 'Paldea', 'Unova (B2W2)', 'Unova (BW)']"
628,Braviary,"['Alola (SM)', 'Alola (USUM)', 'Blueberry', 'Galar', 'Hisui ', 'Isle_of_Armor', 'Paldea', 'Unova (B2W2)', 'Unova (BW)']"
629,Vullaby,"['Alola (SM)', 'Alola (USUM)', 'Blueberry', 'Galar', 'Isle_of_Armor', 'Kitakami', 'Unova (B2W2)', 'Unova (BW)']"
630,Mandibuzz,"['Alola (SM)', 'Alola (USUM)', 'Blueberry', 'Galar', 'Isle_of_Armor', 'Kitakami', 'Unova (B2W2)', 'Unova (BW)']"
631,Heatmor,"['Crown_Tundra', 'Galar', 'Kalos', 'Unova (B2W2)', 'Unova (BW)']"
632,Durant,"['Crown_Tundra', 'Galar', 'Kalos', 'Unova (B2W2)', 'Unova (BW)']"
633,Deino,"['Crown_Tundra', 'Galar', 'Kalos', 'Paldea', 'Unova (B2W2)', 'Unova (BW)']"
634,Zweilous,"['Crown_Tundra', 'Galar', 'Kalos', 'Paldea', 'Unova (B2W2)', 'Unova (BW)']"
635,Hydreigon,"['Crown_Tundra', 'Galar', 'Kalos', 'Paldea', 'Unova (B2W2)', 'Unova (BW)']"
636,Larvesta,"['Alola (USUM)', 'Isle_of_Armor', 'Paldea', 'Unova (B2W2)', 'Unova (BW)']"
637,Volcarona,"['Alola (USUM)', 'Isle_of_Armor', 'Paldea', 'Unova (B2W2)', 'Unova (BW)']"
638,Cobalion,"['Crown_Tundra', 'Hyperspace', 'Unova (B2W2)', 'Unova (BW)']"
639,Terrakion,"['Crown_Tundra', 'Hyperspace', 'Unova (B2W2)', 'Unova (BW)']"
640,Virizion,"['Crown_Tundra', 'Hyperspace', 'Unova (B2W2)', 'Unova (BW)']"
641,Tornadus,"['Hisui ', 'Unova (B2W2)', 'Unova (BW)']"
642,Thundurus,"['Hisui ', 'Unova (B2W2)', 'Unova (BW)']"
643,Reshiram,"['Unova (B2W2)', 'Unova (BW)']"
644,Zekrom,"['Unova (B2W2)', 'Unova (BW)']"
645,Landorus,"['Hisui ', 'Unova (B2W2)', 'Unova (BW)']"
646,Kyurem,"['Unova (B2W2)', 'Unova (BW)']"
647,Keldeo,"['Hyperspace', 'Unova (B2W2)', 'Unova (BW)']"
648,Meloetta,"['Hyperspace', 'Unova (B2W2)', 'Unova (BW)']"
649,Genesect,"['Hyperspace', 'Unova (B2W2)', 'Unova (BW)']"
650,Chespin,"['Blueberry', 'Kalos', 'Lumiose']"
651,Quilladin,"['Blueberry', 'Kalos', 'Lumiose']"
652,Chesnaught,"['Blueberry', 'Kalos', 'Lumiose']"
653,Fennekin,"['Blueberry', 'Kalos', 'Lumiose']"
654,Braixen,"['Blueberry', 'Kalos', 'Lumiose']"
655,Delphox,"['Blueberry', 'Kalos', 'Lumiose']"
656,Froakie,"['Blueberry', 'Kalos', 'Lumiose']"
657,Frogadier,"['Blueberry', 'Kalos', 'Lumiose']"
658,Greninja,"['Blueberry', 'Kalos', 'Lumiose']"
659,Bunnelby,"['Galar', 'Kalos', 'Lumiose']"
660,Diggersby,"['Galar', 'Kalos', 'Lumiose']"
661,Fletchling,"['Alola (SM)', 'Alola (USUM)', 'Blueberry', 'Isle_of_Armor', 'Kalos', 'Lumiose', 'Paldea']"
662,Fletchinder,"['Alola (SM)', 'Alola (USUM)', 'Blueberry', 'Isle_of_Armor', 'Kalos', 'Lumiose', 'Paldea']"
663,Talonflame,"['Alola (SM)', 'Alola (USUM)', 'Blueberry', 'Isle_of_Armor', 'Kalos', 'Lumiose', 'Paldea']"
664,Scatterbug,"['Kalos', 'Lumiose', 'Paldea']"
665,Spewpa,"['Kalos', 'Lumiose', 'Paldea']"
666,Vivillon,"['Kalos', 'Lumiose', 'Paldea']"
667,Litleo,"['Alola (USUM)', 'Blueberry', 'Kalos', 'Lumiose', 'Paldea']"
668,Pyroar,"['Alola (USUM)', 'Blueberry', 'Kalos', 'Lumiose', 'Paldea']"
669,Flabébé,"['Alola (USUM)', 'Kalos', 'Lumiose', 'Paldea']"
670,Floette,"['Alola (USUM)', 'Kalos', 'Lumiose', 'Paldea']"
671,Florges,"['Alola (USUM)', 'Kalos', 'Lumiose', 'Paldea']"
672,Skiddo,"['Kalos', 'Lumiose', 'Paldea']"
673,Gogoat,"['Kalos', 'Lumiose', 'Paldea']"
674,Pancham,"['Alola (SM)', 'Alola (USUM)', 'Galar', 'Kalos', 'Lumiose']"
675,Pangoro,"['Alola (SM)', 'Alola (USUM)', 'Galar', 'Kalos', 'Lumiose']"
676,Furfrou,"['Alola (USUM)', 'Kalos', 'Lumiose']"
677,Espurr,"['Blueberry', 'Galar', 'Kalos', 'Lumiose']"
678,Meowstic,"['Blueberry', 'Galar', 'Kalos', 'Lumiose']"
679,Honedge,"['Galar', 'Kalos', 'Lumiose']"
680,Doublade,"['Galar', 'Kalos', 'Lumiose']"
681,Aegislash,"['Galar', 'Kalos', 'Lumiose']"
682,Spritzee,"['Galar', 'Kalos', 'Lumiose']"
683,Aromatisse,"['Galar', 'Kalos', 'Lumiose']"
684,Swirlix,"['Galar', 'Kalos', 'Lumiose']"
685,Slurpuff,"['Galar', 'Kalos', 'Lumiose']"
686,Inkay,"['Alola (USUM)', 'Blueberry', 'Galar', 'Isle_of_Armor', 'Kalos', 'Lumiose']"
687,Malamar,"['Alola (USUM)', 'Blueberry', 'Galar', 'Isle_of_Armor', 'Kalos', 'Lumiose']"
688,Binacle,"['Galar', 'Kalos', 'Lumiose']"
689,Barbaracle,"['Galar', 'Kalos', 'Lumiose']"
690,Skrelp,"['Alola (USUM)', 'Isle_of_Armor', 'Kalos', 'Lumiose', 'Paldea']"
691,Dragalge,"['Alola (USUM)', 'Isle_of_Armor', 'Kalos', 'Lumiose', 'Paldea']"
692,Clauncher,"['Alola (USUM)', 'Isle_of_Armor', 'Kalos', 'Lumiose', 'Paldea']"
693,Clawitzer,"['Alola (USUM)', 'Isle_of_Armor', 'Kalos', 'Lumiose', 'Paldea']"
694,Helioptile,"['Galar', 'Kalos', 'Lumiose']"
695,Heliolisk,"['Galar', 'Kalos', 'Lumiose']"
696,Tyrunt,"['Alola (USUM)', 'Crown_Tundra', 'Kalos', 'Lumiose']"
697,Tyrantrum,"['Alola (USUM)', 'Crown_Tundra', 'Kalos', 'Lumiose']"
698,Amaura,"['Alola (USUM)', 'Crown_Tundra', 'Kalos', 'Lumiose']"
699,Aurorus,"['Alola (USUM)', 'Crown_Tundra', 'Kalos', 'Lumiose']"
700,Sylveon,"['Alola (SM)', 'Alola (USUM)', 'Crown_Tundra', 'Galar', 'Hisui ', 'Kalos', 'Lumiose', 'Paldea']"
701,Hawlucha,"['Alola (USUM)', 'Galar', 'Kalos', 'Lumiose', 'Paldea']"
702,Dedenne,"['Alola (USUM)', 'Isle_of_Armor', 'Kalos', 'Lumiose', 'Paldea']"
703,Carbink,"['Alola (SM)', 'Alola (USUM)', 'Crown_Tundra', 'Kalos', 'Kitakami', 'Lumiose']"
704,Goomy,"['Alola (SM)', 'Alola (USUM)', 'Galar', 'Hisui ', 'Isle_of_Armor', 'Kalos', 'Kitakami', 'Lumiose', 'Paldea']"
705,Sliggoo,"['Alola (SM)', 'Alola (USUM)', 'Galar', 'Hisui ', 'Isle_of_Armor', 'Kalos', 'Kitakami', 'Lumiose', 'Paldea']"
706,Goodra,"['Alola (SM)', 'Alola (USUM)', 'Galar', 'Hisui ', 'Isle_of_Armor', 'Kalos', 'Kitakami', 'Lumiose', 'Paldea']"
707,Klefki,"['Alola (SM)', 'Alola (USUM)', 'Isle_of_Armor', 'Kalos', 'Lumiose', 'Paldea']"
708,Phantump,"['Alola (SM)', 'Alola (USUM)', 'Crown_Tundra', 'Galar', 'Kalos', 'Kitakami', 'Lumiose']"
709,Trevenant,"['Alola (SM)', 'Alola (USUM)', 'Crown_Tundra', 'Galar', 'Kalos', 'Kitakami', 'Lumiose']"
710,Pumpkaboo,"['Galar', 'Kalos', 'Lumiose']"
711,Gourgeist,"['Galar', 'Kalos', 'Lumiose']"
712,Bergmite,"['Crown_Tundra', 'Galar', 'Hisui ', 'Kalos', 'Lumiose', 'Paldea']"
713,Avalugg,"['Crown_Tundra', 'Galar', 'Hisui ', 'Kalos', 'Lumiose', 'Paldea']"
714,Noibat,"['Alola (USUM)', 'Crown_Tundra', 'Galar', 'Kalos', 'Kitakami', 'Lumiose', 'Paldea']"
715,Noivern,"['Alola (USUM)', 'Crown_Tundra', 'Galar', 'Kalos', 'Kitakami', 'Lumiose', 'Paldea']"
716,Xerneas,"['Kalos', 'Lumiose']"
717,Yveltal,"['Kalos', 'Lumiose']"
718,Zygarde,"['Alola (SM)', 'Alola (USUM)', 'Kalos', 'Lumiose']"
719,Diancie,"['Kalos', 'Lumiose']"
720,Hoopa,"['Hyperspace', 'Kalos']"
721,Volcanion,"['Hyperspace', 'Kalos']"
722,Rowlet,"['Alola (SM)', 'Alola (USUM)', 'Blueberry', 'Hisui ']"
723,Dartrix,"['Alola (SM)', 'Alola (USUM)', 'Blueberry', 'Hisui ']"
724,Decidueye,"['Alola (SM)', 'Alola (USUM)', 'Blueberry', 'Hisui ']"
725,Litten,"['Alola (SM)', 'Alola (USUM)', 'Blueberry']"
726,Torracat,"['Alola (SM)', 'Alola (USUM)', 'Blueberry']"
727,Incineroar,"['Alola (SM)', 'Alola (USUM)', 'Blueberry']"
728,Popplio,"['Alola (SM)', 'Alola (USUM)', 'Blueberry']"
729,Brionne,"['Alola (SM)', 'Alola (USUM)', 'Blueberry']"
730,Primarina,"['Alola (SM)', 'Alola (USUM)', 'Blueberry']"
731,Pikipek,"['Alola (SM)', 'Alola (USUM)', 'Blueberry']"
732,Trumbeak,"['Alola (SM)', 'Alola (USUM)', 'Blueberry']"
733,Toucannon,"['Alola (SM)', 'Alola (USUM)', 'Blueberry']"
734,Yungoos,"['Alola (SM)', 'Alola (USUM)', 'Paldea']"
735,Gumshoos,"['Alola (SM)', 'Alola (USUM)', 'Paldea']"
736,Grubbin,"['Alola (SM)', 'Alola (USUM)', 'Galar', 'Kitakami']"
737,Charjabug,"['Alola (SM)', 'Alola (USUM)', 'Galar', 'Kitakami']"
738,Vikavolt,"['Alola (SM)', 'Alola (USUM)', 'Galar', 'Kitakami']"
739,Crabrawler,"['Alola (SM)', 'Alola (USUM)', 'Blueberry', 'Hyperspace', 'Paldea']"
740,Crabominable,"['Alola (SM)', 'Alola (USUM)', 'Blueberry', 'Hyperspace', 'Paldea']"
741,Oricorio,"['Alola (SM)', 'Alola (USUM)', 'Blueberry', 'Kitakami', 'Paldea']"
742,Cutiefly,"['Alola (SM)', 'Alola (USUM)', 'Galar', 'Kitakami']"
743,Ribombee,"['Alola (SM)', 'Alola (USUM)', 'Galar', 'Kitakami']"
744,Rockruff,"['Alola (SM)', 'Alola (USUM)', 'Isle_of_Armor', 'Kitakami', 'Paldea']"
745,Lycanroc,"['Alola (SM)', 'Alola (USUM)', 'Isle_of_Armor', 'Kitakami', 'Paldea']"
746,Wishiwashi,"['Alola (SM)', 'Alola (USUM)', 'Galar', 'Isle_of_Armor']"
747,Mareanie,"['Alola (SM)', 'Alola (USUM)', 'Galar', 'Isle_of_Armor', 'Paldea']"
748,Toxapex,"['Alola (SM)', 'Alola (USUM)', 'Galar', 'Isle_of_Armor', 'Paldea']"
749,Mudbray,"['Alola (SM)', 'Alola (USUM)', 'Galar', 'Kitakami', 'Paldea']"
750,Mudsdale,"['Alola (SM)', 'Alola (USUM)', 'Galar', 'Kitakami', 'Paldea']"
751,Dewpider,"['Alola (SM)', 'Alola (USUM)', 'Blueberry', 'Crown_Tundra', 'Galar']"
752,Araquanid,"['Alola (SM)', 'Alola (USUM)', 'Blueberry', 'Crown_Tundra', 'Galar']"
753,Fomantis,"['Alola (SM)', 'Alola (USUM)', 'Isle_of_Armor', 'Kitakami', 'Paldea']"
754,Lurantis,"['Alola (SM)', 'Alola (USUM)', 'Isle_of_Armor', 'Kitakami', 'Paldea']"
755,Morelull,"['Alola (SM)', 'Alola (USUM)', 'Galar']"
756,Shiinotic,"['Alola (SM)', 'Alola (USUM)', 'Galar']"
757,Salandit,"['Alola (SM)', 'Alola (USUM)', 'Galar', 'Isle_of_Armor', 'Kitakami', 'Paldea']"
758,Salazzle,"['Alola (SM)', 'Alola (USUM)', 'Galar', 'Isle_of_Armor', 'Kitakami', 'Paldea']"
759,Stufful,"['Alola (SM)', 'Alola (USUM)', 'Galar']"
760,Bewear,"['Alola (SM)', 'Alola (USUM)', 'Galar']"
761,Bounsweet,"['Alola (SM)', 'Alola (USUM)', 'Galar', 'Paldea']"
762,Steenee,"['Alola (SM)', 'Alola (USUM)', 'Galar', 'Paldea']"
763,Tsareena,"['Alola (SM)', 'Alola (USUM)', 'Galar', 'Paldea']"
764,Comfey,"['Alola (SM)', 'Alola (USUM)', 'Blueberry', 'Isle_of_Armor']"
765,Oranguru,"['Alola (SM)', 'Alola (USUM)', 'Galar', 'Isle_of_Armor', 'Paldea']"
766,Passimian,"['Alola (SM)', 'Alola (USUM)', 'Galar', 'Isle_of_Armor', 'Paldea']"
767,Wimpod,"['Alola (SM)', 'Alola (USUM)', 'Galar', 'Hyperspace', 'Isle_of_Armor']"
768,Golisopod,"['Alola (SM)', 'Alola (USUM)', 'Galar', 'Hyperspace', 'Isle_of_Armor']"
769,Sandygast,"['Alola (SM)', 'Alola (USUM)', 'Hyperspace', 'Isle_of_Armor', 'Paldea']"
770,Palossand,"['Alola (SM)', 'Alola (USUM)', 'Hyperspace', 'Isle_of_Armor', 'Paldea']"
771,Pyukumuku,"['Alola (SM)', 'Alola (USUM)', 'Galar']"
772,Type: Null,"['Alola (SM)', 'Alola (USUM)', 'Galar']"
773,Silvally,"['Alola (SM)', 'Alola (USUM)', 'Galar']"
774,Minior,"['Alola (SM)', 'Alola (USUM)', 'Blueberry']"
775,Komala,"['Alola (SM)', 'Alola (USUM)', 'Paldea']"
776,Turtonator,"['Alola (SM)', 'Alola (USUM)', 'Galar']"
777,Togedemaru,"['Alola (SM)', 'Alola (USUM)', 'Galar']"
778,Mimikyu,"['Alola (SM)', 'Alola (USUM)', 'Crown_Tundra', 'Galar', 'Hyperspace', 'Kitakami', 'Paldea']"
779,Bruxish,"['Alola (SM)', 'Alola (USUM)', 'Blueberry', 'Paldea']"
780,Drampa,"['Alola (SM)', 'Alola (USUM)', 'Galar', 'Lumiose']"
781,Dhelmise,"['Alola (SM)', 'Alola (USUM)', 'Crown_Tundra', 'Galar']"
782,Jangmo-o,"['Alola (SM)', 'Alola (USUM)', 'Galar', 'Isle_of_Armor', 'Kitakami']"
783,Hakamo-o,"['Alola (SM)', 'Alola (USUM)', 'Galar', 'Isle_of_Armor', 'Kitakami']"
784,Kommo-o,"['Alola (SM)', 'Alola (USUM)', 'Galar', 'Isle_of_Armor', 'Kitakami']"
785,Tapu Koko,"['Alola (SM)', 'Alola (USUM)']"
786,Tapu Lele,"['Alola (SM)', 'Alola (USUM)']"
787,Tapu Bulu,"['Alola (SM)', 'Alola (USUM)']"
788,Tapu Fini,"['Alola (SM)', 'Alola (USUM)']"
789,Cosmog,"['Alola (SM)', 'Alola (USUM)']"
790,Cosmoem,"['Alola (SM)', 'Alola (USUM)']"
791,Solgaleo,"['Alola (SM)', 'Alola (USUM)']"
792,Lunala,"['Alola (SM)', 'Alola (USUM)']"
793,Nihilego,"['Alola (SM)', 'Alola (USUM)']"
794,Buzzwole,"['Alola (SM)', 'Alola (USUM)']"
795,Pheromosa,"['Alola (SM)', 'Alola (USUM)']"
796,Xurkitree,"['Alola (SM)', 'Alola (USUM)']"
797,Celesteela,"['Alola (SM)', 'Alola (USUM)']"
798,Kartana,"['Alola (SM)', 'Alola (USUM)']"
799,Guzzlord,"['Alola (SM)', 'Alola (USUM)']"
800,Necrozma,"['Alola (SM)', 'Alola (USUM)']"
801,Magearna,"['Alola (SM)', 'Alola (USUM)', 'Hyperspace']"
802,Marshadow,"['Alola (SM)', 'Alola (USUM)', 'Hyperspace']"
803,Poipole,['Alola (USUM)']
804,Naganadel,['Alola (USUM)']
805,Stakataka,['Alola (USUM)']
806,Blacephalon,['Alola (USUM)']
807,Zeraora,"['Alola (USUM)', 'Hyperspace']"
808,Meltan,"['Hyperspace', 'Kanto (Lets Go)']"
809,Melmetal,"['Hyperspace', 'Kanto (Lets Go)']"
810,Grookey,"['Blueberry', 'Galar']"
811,Thwackey,"['Blueberry', 'Galar']"
812,Rillaboom,"['Blueberry', 'Galar']"
813,Scorbunny,"['Blueberry', 'Galar']"
814,Raboot,"['Blueberry', 'Galar']"
815,Cinderace,"['Blueberry', 'Galar']"
816,Sobble,"['Blueberry', 'Galar']"
817,Drizzile,"['Blueberry', 'Galar']"
818,Inteleon,"['Blueberry', 'Galar']"
819,Skwovet,"['Crown_Tundra', 'Galar', 'Isle_of_Armor', 'Kitakami', 'Paldea']"
820,Greedent,"['Crown_Tundra', 'Galar', 'Isle_of_Armor', 'Kitakami', 'Paldea']"
821,Rookidee,"['Crown_Tundra', 'Galar', 'Hyperspace', 'Paldea']"
822,Corvisquire,"['Crown_Tundra', 'Galar', 'Hyperspace', 'Paldea']"
823,Corviknight,"['Crown_Tundra', 'Galar', 'Hyperspace', 'Paldea']"
824,Blipbug,"['Galar', 'Isle_of_Armor']"
825,Dottler,"['Galar', 'Isle_of_Armor']"
826,Orbeetle,"['Galar', 'Isle_of_Armor']"
827,Nickit,"['Galar', 'Hyperspace']"
828,Thievul,"['Galar', 'Hyperspace']"
829,Gossifleur,"['Crown_Tundra', 'Galar']"
830,Eldegoss,"['Crown_Tundra', 'Galar']"
831,Wooloo,"['Crown_Tundra', 'Galar']"
832,Dubwool,"['Crown_Tundra', 'Galar']"
833,Chewtle,"['Galar', 'Isle_of_Armor', 'Kitakami', 'Paldea']"
834,Drednaw,"['Galar', 'Isle_of_Armor', 'Kitakami', 'Paldea']"
835,Yamper,"['Crown_Tundra', 'Galar']"
836,Boltund,"['Crown_Tundra', 'Galar']"
837,Rolycoly,"['Crown_Tundra', 'Galar', 'Paldea']"
838,Carkol,"['Crown_Tundra', 'Galar', 'Paldea']"
839,Coalossal,"['Crown_Tundra', 'Galar', 'Paldea']"
840,Applin,"['Galar', 'Isle_of_Armor', 'Kitakami', 'Paldea']"
841,Flapple,"['Galar', 'Isle_of_Armor', 'Kitakami', 'Paldea']"
842,Appletun,"['Galar', 'Isle_of_Armor', 'Kitakami', 'Paldea']"
843,Silicobra,"['Galar', 'Isle_of_Armor', 'Paldea']"
844,Sandaconda,"['Galar', 'Isle_of_Armor', 'Paldea']"
845,Cramorant,"['Galar', 'Isle_of_Armor', 'Kitakami']"
846,Arrokuda,"['Galar', 'Isle_of_Armor', 'Kitakami', 'Paldea']"
847,Barraskewda,"['Galar', 'Isle_of_Armor', 'Kitakami', 'Paldea']"
848,Toxel,"['Galar', 'Hyperspace', 'Paldea']"
849,Toxtricity,"['Galar', 'Hyperspace', 'Paldea']"
850,Sizzlipede,"['Crown_Tundra', 'Galar']"
851,Centiskorch,"['Crown_Tundra', 'Galar']"
852,Clobbopus,"['Galar', 'Hyperspace', 'Isle_of_Armor']"
853,Grapploct,"['Galar', 'Hyperspace', 'Isle_of_Armor']"
854,Sinistea,"['Blueberry', 'Crown_Tundra', 'Galar', 'Paldea']"
855,Polteageist,"['Blueberry', 'Crown_Tundra', 'Galar', 'Paldea']"
856,Hatenna,"['Crown_Tundra', 'Galar', 'Kitakami', 'Paldea']"
857,Hattrem,"['Crown_Tundra', 'Galar', 'Kitakami', 'Paldea']"
858,Hatterene,"['Crown_Tundra', 'Galar', 'Kitakami', 'Paldea']"
859,Impidimp,"['Crown_Tundra', 'Galar', 'Kitakami', 'Paldea']"
860,Morgrem,"['Crown_Tundra', 'Galar', 'Kitakami', 'Paldea']"
861,Grimmsnarl,"['Crown_Tundra', 'Galar', 'Kitakami', 'Paldea']"
862,Obstagoon,"['Crown_Tundra', 'Galar']"
863,Perrserker,"['Galar', 'Hyperspace']"
864,Cursola,['Galar']
865,Sirfetch'd,"['Galar', 'Hyperspace']"
866,Mr. Rime,"['Crown_Tundra', 'Galar', 'Hyperspace']"
867,Runerigus,"['Galar', 'Hyperspace']"
868,Milcery,"['Blueberry', 'Galar']"
869,Alcremie,"['Blueberry', 'Galar']"
870,Falinks,"['Galar', 'Lumiose', 'Paldea']"
871,Pincurchin,"['Crown_Tundra', 'Galar', 'Isle_of_Armor', 'Paldea']"
872,Snom,"['Crown_Tundra', 'Galar', 'Paldea']"
873,Frosmoth,"['Crown_Tundra', 'Galar', 'Paldea']"
874,Stonjourner,"['Crown_Tundra', 'Galar', 'Paldea']"
875,Eiscue,"['Crown_Tundra', 'Galar', 'Paldea']"
876,Indeedee,"['Crown_Tundra', 'Galar', 'Hyperspace', 'Kitakami', 'Paldea']"
877,Morpeko,"['Crown_Tundra', 'Galar', 'Hyperspace', 'Isle_of_Armor', 'Kitakami']"
878,Cufant,"['Crown_Tundra', 'Galar', 'Paldea']"
879,Copperajah,"['Crown_Tundra', 'Galar', 'Paldea']"
880,Dracozolt,['Galar']
881,Arctozolt,['Galar']
882,Dracovish,['Galar']
883,Arctovish,['Galar']
884,Duraludon,"['Blueberry', 'Galar']"
885,Dreepy,"['Crown_Tundra', 'Galar', 'Paldea']"
886,Drakloak,"['Crown_Tundra', 'Galar', 'Paldea']"
887,Dragapult,"['Crown_Tundra', 'Galar', 'Paldea']"
888,Zacian,['Galar']
889,Zamazenta,['Galar']
890,Eternatus,['Galar']
891,Kubfu,['Isle_of_Armor']
892,Urshifu,['Isle_of_Armor']
893,Zarude,['Isle_of_Armor']
894,Regieleki,['Crown_Tundra']
895,Regidrago,['Crown_Tundra']
896,Glastrier,['Crown_Tundra']
897,Spectrier,['Crown_Tundra']
898,Calyrex,['Crown_Tundra']
899,Wyrdeer,['Hisui ']
900,Kleavor,"['Blueberry', 'Hisui ', 'Hyperspace']"
901,Ursaluna,"['Hisui ', 'Kitakami']"
902,Basculegion,"['Hisui ', 'Kitakami']"
903,Sneasler,['Hisui ']
904,Overqwil,"['Blueberry', 'Hisui ', 'Hyperspace']"
905,Enamorus,['Hisui ']
906,Sprigatito,['Paldea']
907,Floragato,['Paldea']
908,Meowscarada,['Paldea']
909,Fuecoco,['Paldea']
910,Crocalor,['Paldea']
911,Skeledirge,['Paldea']
912,Quaxly,['Paldea']
913,Quaxwell,['Paldea']
914,Quaquaval,['Paldea']
915,Lechonk,['Paldea']
916,Oinkologne,['Paldea']
917,Tarountula,['Paldea']
918,Spidops,['Paldea']
919,Nymble,['Paldea']
920,Lokix,['Paldea']
921,Pawmi,['Paldea']
922,Pawmo,['Paldea']
923,Pawmot,['Paldea']
924,Tandemaus,"['Kitakami', 'Paldea']"
925,Maushold,"['Kitakami', 'Paldea']"
926,Fidough,"['Hyperspace', 'Paldea']"
927,Dachsbun,"['Hyperspace', 'Paldea']"
928,Smoliv,['Paldea']
929,Dolliv,['Paldea']
930,Arboliva,['Paldea']
931,Squawkabilly,"['Hyperspace', 'Paldea']"
932,Nacli,"['Hyperspace', 'Paldea']"
933,Naclstack,"['Hyperspace', 'Paldea']"
934,Garganacl,"['Hyperspace', 'Paldea']"
935,Charcadet,"['Hyperspace', 'Paldea']"
936,Armarouge,"['Hyperspace', 'Paldea']"
937,Ceruledge,"['Hyperspace', 'Paldea']"
938,Tadbulb,['Paldea']
939,Bellibolt,['Paldea']
940,Wattrel,['Paldea']
941,Kilowattrel,['Paldea']
942,Maschiff,"['Hyperspace', 'Paldea']"
943,Mabosstiff,"['Hyperspace', 'Paldea']"
944,Shroodle,"['Hyperspace', 'Paldea']"
945,Grafaiai,"['Hyperspace', 'Paldea']"
946,Bramblin,['Paldea']
947,Brambleghast,['Paldea']
948,Toedscool,"['Kitakami', 'Paldea']"
949,Toedscruel,"['Kitakami', 'Paldea']"
950,Klawf,['Paldea']
951,Capsakid,"['Hyperspace', 'Paldea']"
952,Scovillain,"['Hyperspace', 'Paldea']"
953,Rellor,"['Blueberry', 'Paldea']"
954,Rabsca,"['Blueberry', 'Paldea']"
955,Flittle,['Paldea']
956,Espathra,['Paldea']
957,Tinkatink,"['Hyperspace', 'Paldea']"
958,Tinkatuff,"['Hyperspace', 'Paldea']"
959,Tinkaton,"['Hyperspace', 'Paldea']"
960,Wiglett,['Paldea']
961,Wugtrio,['Paldea']
962,Bombirdier,"['Kitakami', 'Paldea']"
963,Finizen,['Paldea']
964,Palafin,['Paldea']
965,Varoom,['Paldea']
966,Revavroom,['Paldea']
967,Cyclizar,"['Hyperspace', 'Paldea']"
968,Orthworm,"['Kitakami', 'Paldea']"
969,Glimmet,"['Hyperspace', 'Kitakami', 'Paldea']"
970,Glimmora,"['Hyperspace', 'Kitakami', 'Paldea']"
971,Greavard,"['Hyperspace', 'Paldea']"
972,Houndstone,"['Hyperspace', 'Paldea']"
973,Flamigo,"['Hyperspace', 'Paldea']"
974,Cetoddle,['Paldea']
975,Cetitan,['Paldea']
976,Veluza,['Paldea']
977,Dondozo,"['Hyperspace', 'Paldea']"
978,Tatsugiri,"['Hyperspace', 'Paldea']"
979,Annihilape,"['Hyperspace', 'Kitakami', 'Paldea']"
980,Clodsire,['Paldea']
981,Farigiraf,"['Blueberry', 'Paldea']"
982,Dudunsparce,"['Kitakami', 'Paldea']"
983,Kingambit,"['Kitakami', 'Paldea']"
984,Great Tusk,['Paldea']
985,Scream Tail,['Paldea']
986,Brute Bonnet,['Paldea']
987,Flutter Mane,['Paldea']
988,Slither Wing,['Paldea']
989,Sandy Shocks,['Paldea']
990,Iron Treads,['Paldea']
991,Iron Bundle,['Paldea']
992,Iron Hands,['Paldea']
993,Iron Jugulis,['Paldea']
994,Iron Moth,['Paldea']
995,Iron Thorns,['Paldea']
996,Frigibax,"['Hyperspace', 'Paldea']"
997,Arctibax,"['Hyperspace', 'Paldea']"
998,Baxcalibur,"['Hyperspace', 'Paldea']"
999,Gimmighoul,"['Hyperspace', 'Paldea']"
1000,Gholdengo,"['Hyperspace', 'Paldea']"
1001,Wo-Chien,['Paldea']
1002,Chien-Pao,['Paldea']
1003,Ting-Lu,['Paldea']
1004,Chi-Yu,['Paldea']
1005,Roaring Moon,['Paldea']
1006,Iron Valiant,['Paldea']
1007,Koraidon,['Paldea']
1008,Miraidon,['Paldea']
1009,Walking Wake,['Blueberry']
1010,Iron Leaves,['Blueberry']
1011,Dipplin,['Kitakami']
1012,Poltchageist,['Kitakami']
1013,Sinistcha,['Kitakami']
1014,Okidogi,['Kitakami']
1015,Munkidori,['Kitakami']
1016,Fezandipiti,['Kitakami']
1017,Ogerpon,['Kitakami']
1018,Archaludon,['Blueberry']
1019,Hydrapple,['Blueberry']
1020,Gouging Fire,['Blueberry']
1021,Raging Bolt,['Blueberry']
1022,Iron Boulder,['Blueberry']
1023,Iron Crown,['Blueberry']
1024,Terapagos,['Blueberry']
1025,Pecharunt,['Blueberry']
